SET DB_CLOSE_DELAY -1;         
;              
CREATE USER IF NOT EXISTS PIA SALT '5158bf11283d3e98' HASH 'd8ff4f9049c4c7f50cd558c09bc1ca27e08b8eebfc17bb1618ca944f662341ec' ADMIN;           
CREATE SEQUENCE PUBLIC.SYSTEM_SEQUENCE_25830084_12E8_4062_8D15_508B9B90743C START WITH 1 BELONGS_TO_TABLE;     
CREATE SEQUENCE PUBLIC.SYSTEM_SEQUENCE_EC900FD9_7083_48B7_B30C_D7546E1F6AC2 START WITH 5 BELONGS_TO_TABLE;     
CREATE SEQUENCE PUBLIC.SYSTEM_SEQUENCE_F30C81A4_CE16_4C92_B6BD_7BCFB65C46EC START WITH 1 BELONGS_TO_TABLE;     
CREATE SEQUENCE PUBLIC.SYSTEM_SEQUENCE_B23FAFAA_4E69_4437_AA64_E7041D9C29B8 START WITH 2 BELONGS_TO_TABLE;     
CREATE SEQUENCE PUBLIC.SYSTEM_SEQUENCE_4B01D6E8_C0A3_4B41_86FE_0DB51A42F292 START WITH 2 BELONGS_TO_TABLE;     
CREATE SEQUENCE PUBLIC.SYSTEM_SEQUENCE_82370DD0_AA6E_43DD_BB6A_C7353CB51922 START WITH 218 BELONGS_TO_TABLE;   
CREATE SEQUENCE PUBLIC.SYSTEM_SEQUENCE_B55372D4_D3C4_4C6E_9DC2_2BA6F4BB9DFF START WITH 3 BELONGS_TO_TABLE;     
CREATE CACHED TABLE PUBLIC.DATABASECHANGELOGLOCK(
    ID INT NOT NULL,
    LOCKED BOOLEAN NOT NULL,
    LOCKGRANTED TIMESTAMP,
    LOCKEDBY VARCHAR(255)
);    
ALTER TABLE PUBLIC.DATABASECHANGELOGLOCK ADD CONSTRAINT PUBLIC.PK_DATABASECHANGELOGLOCK PRIMARY KEY(ID);       
-- 1 +/- SELECT COUNT(*) FROM PUBLIC.DATABASECHANGELOGLOCK;    
INSERT INTO PUBLIC.DATABASECHANGELOGLOCK(ID, LOCKED, LOCKGRANTED, LOCKEDBY) VALUES
(1, FALSE, NULL, NULL);     
CREATE CACHED TABLE PUBLIC.DATABASECHANGELOG(
    ID VARCHAR(255) NOT NULL,
    AUTHOR VARCHAR(255) NOT NULL,
    FILENAME VARCHAR(255) NOT NULL,
    DATEEXECUTED TIMESTAMP NOT NULL,
    ORDEREXECUTED INT NOT NULL,
    EXECTYPE VARCHAR(10) NOT NULL,
    MD5SUM VARCHAR(35),
    DESCRIPTION VARCHAR(255),
    COMMENTS VARCHAR(255),
    TAG VARCHAR(255),
    LIQUIBASE VARCHAR(20),
    CONTEXTS VARCHAR(255),
    LABELS VARCHAR(255)
);              
-- 36 +/- SELECT COUNT(*) FROM PUBLIC.DATABASECHANGELOG;       
INSERT INTO PUBLIC.DATABASECHANGELOG(ID, AUTHOR, FILENAME, DATEEXECUTED, ORDEREXECUTED, EXECTYPE, MD5SUM, DESCRIPTION, COMMENTS, TAG, LIQUIBASE, CONTEXTS, LABELS) VALUES
('00000000000001', 'jhipster', 'classpath:config/liquibase/changelog/00000000000000_initial_schema.xml', TIMESTAMP '2016-12-13 13:53:23.185', 1, 'EXECUTED', '7:6d234d695d2332d8f7f7f175f8841cbc', 'createTable, createIndex (x2), createTable (x2), addPrimaryKey, addForeignKeyConstraint (x2), loadData, dropDefaultValue, loadData (x2), createTable (x2), addPrimaryKey, createIndex (x2), addForeignKeyConstraint', '', NULL, '3.4.2', NULL, NULL),
('2', 'jhipster', 'classpath:config/liquibase/changelog/00000000000000_initial_schema.xml', TIMESTAMP '2016-12-13 13:53:23.2', 2, 'EXECUTED', '7:d262f85bf5cad38e106e8f14c115f3e6', 'createTable (x2), addForeignKeyConstraint, createTable, addForeignKeyConstraint, createTable (x3)', '', NULL, '3.4.2', NULL, NULL),
('1458847338581-1', 'michael (generated)', 'classpath:config/liquibase/changelog/20160324192216_changelog.xml', TIMESTAMP '2016-12-13 13:53:23.205', 3, 'EXECUTED', '7:181b4f5b16c57dc74e1418dd566d9b35', 'createTable', '', NULL, '3.4.2', NULL, NULL),
('1458847338581-2', 'michael (generated)', 'classpath:config/liquibase/changelog/20160324192216_changelog.xml', TIMESTAMP '2016-12-13 13:53:23.206', 4, 'EXECUTED', '7:b7fb7dee339900dc7572f8a5007292be', 'createTable', '', NULL, '3.4.2', NULL, NULL),
('1458847338581-3', 'michael (generated)', 'classpath:config/liquibase/changelog/20160324192216_changelog.xml', TIMESTAMP '2016-12-13 13:53:23.209', 5, 'EXECUTED', '7:b485ae67cc5772154caa49a45fef571a', 'createTable', '', NULL, '3.4.2', NULL, NULL),
('1458847338581-4', 'michael (generated)', 'classpath:config/liquibase/changelog/20160324192216_changelog.xml', TIMESTAMP '2016-12-13 13:53:23.211', 6, 'EXECUTED', '7:fc9795ff9c3fcf32d072038b49132834', 'createTable', '', NULL, '3.4.2', NULL, NULL),
('1458847338581-5', 'michael (generated)', 'classpath:config/liquibase/changelog/20160324192216_changelog.xml', TIMESTAMP '2016-12-13 13:53:23.212', 7, 'EXECUTED', '7:0ada807d95da91fd2048ae9e85a83e0f', 'createTable', '', NULL, '3.4.2', NULL, NULL),
('1458847338581-6', 'michael (generated)', 'classpath:config/liquibase/changelog/20160324192216_changelog.xml', TIMESTAMP '2016-12-13 13:53:23.214', 8, 'EXECUTED', '7:d231e3c44951490c11f993fd225a3462', 'createTable', '', NULL, '3.4.2', NULL, NULL),
('1458847338581-7', 'michael (generated)', 'classpath:config/liquibase/changelog/20160324192216_changelog.xml', TIMESTAMP '2016-12-13 13:53:23.216', 9, 'EXECUTED', '7:0095702239a61a7f33682402f9879fe0', 'createTable', '', NULL, '3.4.2', NULL, NULL),
('1458847338581-8', 'michael (generated)', 'classpath:config/liquibase/changelog/20160324192216_changelog.xml', TIMESTAMP '2016-12-13 13:53:23.218', 10, 'EXECUTED', '7:b6e85375ad98a6b483fe118dd625e047', 'createTable', '', NULL, '3.4.2', NULL, NULL),
('1458847338581-9', 'michael (generated)', 'classpath:config/liquibase/changelog/20160324192216_changelog.xml', TIMESTAMP '2016-12-13 13:53:23.22', 11, 'EXECUTED', '7:cd370c5e53125ecc92caa82ccd59d344', 'addPrimaryKey', '', NULL, '3.4.2', NULL, NULL),
('1458847338581-10', 'michael (generated)', 'classpath:config/liquibase/changelog/20160324192216_changelog.xml', TIMESTAMP '2016-12-13 13:53:23.222', 12, 'EXECUTED', '7:13aedf3e67ca8ea3daa03c1ccceecbb0', 'addPrimaryKey', '', NULL, '3.4.2', NULL, NULL),
('1458847338581-11', 'michael (generated)', 'classpath:config/liquibase/changelog/20160324192216_changelog.xml', TIMESTAMP '2016-12-13 13:53:23.223', 13, 'EXECUTED', '7:59b4b15dc33cb681608752c2c5ca3563', 'addPrimaryKey', '', NULL, '3.4.2', NULL, NULL),
('1458847338581-12', 'michael (generated)', 'classpath:config/liquibase/changelog/20160324192216_changelog.xml', TIMESTAMP '2016-12-13 13:53:23.225', 14, 'EXECUTED', '7:5471a20b40a37a7d590cc3f71ba6c1a0', 'addPrimaryKey', '', NULL, '3.4.2', NULL, NULL),
('1458847338581-13', 'michael (generated)', 'classpath:config/liquibase/changelog/20160324192216_changelog.xml', TIMESTAMP '2016-12-13 13:53:23.227', 15, 'EXECUTED', '7:647be725fe9352dbe605cfb8d6cbdf8f', 'addUniqueConstraint', '', NULL, '3.4.2', NULL, NULL);     
INSERT INTO PUBLIC.DATABASECHANGELOG(ID, AUTHOR, FILENAME, DATEEXECUTED, ORDEREXECUTED, EXECTYPE, MD5SUM, DESCRIPTION, COMMENTS, TAG, LIQUIBASE, CONTEXTS, LABELS) VALUES
('1458847338581-14', 'michael (generated)', 'classpath:config/liquibase/changelog/20160324192216_changelog.xml', TIMESTAMP '2016-12-13 13:53:23.229', 16, 'EXECUTED', '7:9edf5ad580b17e3726fb86b6d6f4d8b8', 'createIndex', '', NULL, '3.4.2', NULL, NULL),
('1458847338581-15', 'michael (generated)', 'classpath:config/liquibase/changelog/20160324192216_changelog.xml', TIMESTAMP '2016-12-13 13:53:23.231', 17, 'EXECUTED', '7:68779d3e7c989d173e5808b915b73d2a', 'createIndex', '', NULL, '3.4.2', NULL, NULL),
('1458847338581-16', 'michael (generated)', 'classpath:config/liquibase/changelog/20160324192216_changelog.xml', TIMESTAMP '2016-12-13 13:53:23.232', 18, 'EXECUTED', '7:418574cfc4195d4ec0fb35db01af5333', 'createIndex', '', NULL, '3.4.2', NULL, NULL),
('1458847338581-17', 'michael (generated)', 'classpath:config/liquibase/changelog/20160324192216_changelog.xml', TIMESTAMP '2016-12-13 13:53:23.235', 19, 'EXECUTED', '7:c090a84e155e3b0c303df050d5d319f4', 'addForeignKeyConstraint', '', NULL, '3.4.2', NULL, NULL),
('1458847338581-18', 'michael (generated)', 'classpath:config/liquibase/changelog/20160324192216_changelog.xml', TIMESTAMP '2016-12-13 13:53:23.239', 20, 'EXECUTED', '7:17a5c0bc737af9ab89421dc96e1b7849', 'addForeignKeyConstraint', '', NULL, '3.4.2', NULL, NULL),
('1458847338581-19', 'michael (generated)', 'classpath:config/liquibase/changelog/20160324192216_changelog.xml', TIMESTAMP '2016-12-13 13:53:23.245', 21, 'EXECUTED', '7:326679569ecf09db54ac8751b9e0d6c0', 'addForeignKeyConstraint', '', NULL, '3.4.2', NULL, NULL),
('1458847338581-20', 'michael (generated)', 'classpath:config/liquibase/changelog/20160324192216_changelog.xml', TIMESTAMP '2016-12-13 13:53:23.251', 22, 'EXECUTED', '7:31e746f1c582bb67001fd4d3b8f163f8', 'addForeignKeyConstraint', '', NULL, '3.4.2', NULL, NULL),
('1458847338581-21', 'michael (generated)', 'classpath:config/liquibase/changelog/20160324192216_changelog.xml', TIMESTAMP '2016-12-13 13:53:23.254', 23, 'EXECUTED', '7:0d77efbf7a9f2313df4aa27256c0ef9b', 'addForeignKeyConstraint', '', NULL, '3.4.2', NULL, NULL),
('1458847338581-22', 'michael (generated)', 'classpath:config/liquibase/changelog/20160324192216_changelog.xml', TIMESTAMP '2016-12-13 13:53:23.258', 24, 'EXECUTED', '7:7df0ccc950b83eab007775a43757d016', 'addForeignKeyConstraint', '', NULL, '3.4.2', NULL, NULL),
('1458847338581-23', 'michael (generated)', 'classpath:config/liquibase/changelog/20160324192216_changelog.xml', TIMESTAMP '2016-12-13 13:53:23.26', 25, 'EXECUTED', '7:129d6e809437c44fbe310e21bbfddd11', 'addForeignKeyConstraint', '', NULL, '3.4.2', NULL, NULL),
('1458847338581-24', 'michael (generated)', 'classpath:config/liquibase/changelog/20160324192216_changelog.xml', TIMESTAMP '2016-12-13 13:53:23.263', 26, 'EXECUTED', '7:30d8f0a133eda38ac2f55d2560ecac7f', 'dropUniqueConstraint', '', NULL, '3.4.2', 'test,dev', NULL),
('1458847338581-25', 'michael (generated)', 'classpath:config/liquibase/changelog/20160324192216_changelog.xml', TIMESTAMP '2016-12-13 13:53:23.264', 27, 'EXECUTED', '7:9fd58272830b0f11484d6a12f2bb42c2', 'dropUniqueConstraint', '', NULL, '3.4.2', 'test,dev', NULL),
('1458847338581-26', 'michael (generated)', 'classpath:config/liquibase/changelog/20160324192216_changelog.xml', TIMESTAMP '2016-12-13 13:53:23.266', 28, 'EXECUTED', '7:d90e4c2277bde2df0af40f8f051d329c', 'addUniqueConstraint', '', NULL, '3.4.2', NULL, NULL),
('1458847338581-27', 'michael (generated)', 'classpath:config/liquibase/changelog/20160324192216_changelog.xml', TIMESTAMP '2016-12-13 13:53:23.269', 29, 'EXECUTED', '7:f6452df6dd7c1b3fc77e7dc7019842f1', 'addUniqueConstraint', '', NULL, '3.4.2', NULL, NULL),
('1458847338581-1', 'michael', 'classpath:config/liquibase/changelog/20160326095603_changelog.xml', TIMESTAMP '2016-12-13 13:53:23.27', 30, 'EXECUTED', '7:70296fd92aa1ffdce821b13ffd4a5c8a', 'modifyDataType', '', NULL, '3.4.2', NULL, NULL),
('1458847338581-1', 'michael', 'classpath:config/liquibase/changelog/20160327174303_changelog.xml', TIMESTAMP '2016-12-13 13:53:23.272', 31, 'EXECUTED', '7:43c3459f9d17176228d879c0b1b13f68', 'modifyDataType', '', NULL, '3.4.2', NULL, NULL);          
INSERT INTO PUBLIC.DATABASECHANGELOG(ID, AUTHOR, FILENAME, DATEEXECUTED, ORDEREXECUTED, EXECTYPE, MD5SUM, DESCRIPTION, COMMENTS, TAG, LIQUIBASE, CONTEXTS, LABELS) VALUES
('20160415083747', 'jhipster', 'classpath:config/liquibase/changelog/20160415083747_added_entity_Store.xml', TIMESTAMP '2016-12-13 13:53:23.275', 32, 'EXECUTED', '7:b1f75cc966f080563b0b51eda135f3cd', 'createTable', '', NULL, '3.4.2', NULL, NULL),
('addColumnLink', 'michael', 'classpath:config/liquibase/changelog/20160503184556_changelog.xml', TIMESTAMP '2016-12-13 13:53:23.282', 33, 'EXECUTED', '7:6bcd98032f894a01f1e6d9c4daa1daea', 'addColumn', '', NULL, '3.4.2', NULL, NULL),
('1458847338581-1', 'christoph', 'classpath:config/liquibase/changelog/20161020233303_changelog.xml', TIMESTAMP '2016-12-13 13:53:23.283', 34, 'EXECUTED', '7:112ecaec08b5e5ead470b4c98e0edc6c', 'modifyDataType', '', NULL, '3.4.2', NULL, NULL),
('addColumnLink', 'michael', 'classpath:config/liquibase/changelog/20161102144652_changelog.xml', TIMESTAMP '2016-12-13 13:53:23.288', 35, 'EXECUTED', '7:d7a32ecdbfb3b866b368cd1452765a2f', 'addColumn', '', NULL, '3.4.2', NULL, NULL),
('addColumnInfoPicture', 'christoph', 'classpath:config/liquibase/changelog/20161122100603_changelog.xml', TIMESTAMP '2016-12-13 13:53:23.305', 36, 'EXECUTED', '7:d94dc6a82820eb9bc3abf37232b52c87', 'addColumn (x2)', '', NULL, '3.4.2', NULL, NULL);
CREATE CACHED TABLE PUBLIC.JHI_USER(
    ID BIGINT DEFAULT (NEXT VALUE FOR PUBLIC.SYSTEM_SEQUENCE_EC900FD9_7083_48B7_B30C_D7546E1F6AC2) NOT NULL NULL_TO_DEFAULT SEQUENCE PUBLIC.SYSTEM_SEQUENCE_EC900FD9_7083_48B7_B30C_D7546E1F6AC2,
    LOGIN VARCHAR(50) NOT NULL,
    PASSWORD_HASH VARCHAR(60),
    FIRST_NAME VARCHAR(50),
    LAST_NAME VARCHAR(50),
    EMAIL VARCHAR(100),
    ACTIVATED BOOLEAN NOT NULL,
    LANG_KEY VARCHAR(5),
    ACTIVATION_KEY VARCHAR(20),
    RESET_KEY VARCHAR(20),
    CREATED_BY VARCHAR(50) NOT NULL,
    CREATED_DATE TIMESTAMP DEFAULT NULL NOT NULL,
    RESET_DATE TIMESTAMP,
    LAST_MODIFIED_BY VARCHAR(50),
    LAST_MODIFIED_DATE TIMESTAMP
);
ALTER TABLE PUBLIC.JHI_USER ADD CONSTRAINT PUBLIC.PK_JHI_USER PRIMARY KEY(ID); 
-- 4 +/- SELECT COUNT(*) FROM PUBLIC.JHI_USER; 
INSERT INTO PUBLIC.JHI_USER(ID, LOGIN, PASSWORD_HASH, FIRST_NAME, LAST_NAME, EMAIL, ACTIVATED, LANG_KEY, ACTIVATION_KEY, RESET_KEY, CREATED_BY, CREATED_DATE, RESET_DATE, LAST_MODIFIED_BY, LAST_MODIFIED_DATE) VALUES
(1, 'system', '$2a$10$mE.qmcV0mFU5NcKh73TZx.z4ueI/.bDWbj0T1BYyqP481kGGarKLG', 'System', 'System', 'system@localhost', TRUE, 'en', NULL, NULL, 'system', TIMESTAMP '2016-12-13 13:53:23.151', NULL, NULL, NULL),
(2, 'anonymousUser', '$2a$10$j8S5d7Sr7.8VTOYNviDPOeWX8KcYILUVJBsYV83Y5NtECayypx9lO', 'Anonymous', 'User', 'anonymous@localhost', TRUE, 'en', NULL, NULL, 'system', TIMESTAMP '2016-12-13 13:53:23.151', NULL, NULL, NULL),
(3, 'admin', '$2a$10$gSAhZrxMllrbgj/kkK9UceBPpChGWJA7SYIb1Mqo.n5aNLq1/oRrC', 'Administrator', 'Administrator', 'admin@localhost', TRUE, 'en', NULL, NULL, 'system', TIMESTAMP '2016-12-13 13:53:23.151', NULL, NULL, NULL),
(4, 'user', '$2a$10$VEjxo0jq2YG9Rbk2HmX9S.k1uZBGYUHdUcid3g/vfiEl7lwWgOH/K', 'User', 'User', 'user@localhost', TRUE, 'en', NULL, NULL, 'system', TIMESTAMP '2016-12-13 13:53:23.151', NULL, NULL, NULL);          
CREATE UNIQUE INDEX PUBLIC.IDX_USER_LOGIN ON PUBLIC.JHI_USER(LOGIN);           
CREATE UNIQUE INDEX PUBLIC.IDX_USER_EMAIL ON PUBLIC.JHI_USER(EMAIL);           
CREATE CACHED TABLE PUBLIC.STORE(
    ID BIGINT DEFAULT (NEXT VALUE FOR PUBLIC.SYSTEM_SEQUENCE_4B01D6E8_C0A3_4B41_86FE_0DB51A42F292) NOT NULL NULL_TO_DEFAULT SEQUENCE PUBLIC.SYSTEM_SEQUENCE_4B01D6E8_C0A3_4B41_86FE_0DB51A42F292,
    NAME VARCHAR(255) NOT NULL,
    URL VARCHAR(255)
);    
ALTER TABLE PUBLIC.STORE ADD CONSTRAINT PUBLIC.PK_STORE PRIMARY KEY(ID);       
-- 1 +/- SELECT COUNT(*) FROM PUBLIC.STORE;    
INSERT INTO PUBLIC.STORE(ID, NAME, URL) VALUES
(1, 'OwnYourData Apps', 'https://sam.datentresor.org');         
CREATE CACHED TABLE PUBLIC.JHI_AUTHORITY(
    NAME VARCHAR(50) NOT NULL
);     
ALTER TABLE PUBLIC.JHI_AUTHORITY ADD CONSTRAINT PUBLIC.PK_JHI_AUTHORITY PRIMARY KEY(NAME);     
-- 2 +/- SELECT COUNT(*) FROM PUBLIC.JHI_AUTHORITY;            
INSERT INTO PUBLIC.JHI_AUTHORITY(NAME) VALUES
('ROLE_ADMIN'),
('ROLE_USER');   
CREATE CACHED TABLE PUBLIC.JHI_USER_AUTHORITY(
    USER_ID BIGINT NOT NULL,
    AUTHORITY_NAME VARCHAR(50) NOT NULL
);         
ALTER TABLE PUBLIC.JHI_USER_AUTHORITY ADD CONSTRAINT PUBLIC.CONSTRAINT_E PRIMARY KEY(USER_ID, AUTHORITY_NAME); 
-- 5 +/- SELECT COUNT(*) FROM PUBLIC.JHI_USER_AUTHORITY;       
INSERT INTO PUBLIC.JHI_USER_AUTHORITY(USER_ID, AUTHORITY_NAME) VALUES
(1, 'ROLE_ADMIN'),
(1, 'ROLE_USER'),
(3, 'ROLE_ADMIN'),
(3, 'ROLE_USER'),
(4, 'ROLE_USER');              
CREATE CACHED TABLE PUBLIC.JHI_PERSISTENT_AUDIT_EVENT(
    EVENT_ID BIGINT DEFAULT (NEXT VALUE FOR PUBLIC.SYSTEM_SEQUENCE_F30C81A4_CE16_4C92_B6BD_7BCFB65C46EC) NOT NULL NULL_TO_DEFAULT SEQUENCE PUBLIC.SYSTEM_SEQUENCE_F30C81A4_CE16_4C92_B6BD_7BCFB65C46EC,
    PRINCIPAL VARCHAR(255) NOT NULL,
    EVENT_DATE TIMESTAMP,
    EVENT_TYPE VARCHAR(255)
);   
ALTER TABLE PUBLIC.JHI_PERSISTENT_AUDIT_EVENT ADD CONSTRAINT PUBLIC.PK_JHI_PERSISTENT_AUDIT_EVENT PRIMARY KEY(EVENT_ID);       
-- 0 +/- SELECT COUNT(*) FROM PUBLIC.JHI_PERSISTENT_AUDIT_EVENT;               
CREATE INDEX PUBLIC.IDX_PERSISTENT_AUDIT_EVENT ON PUBLIC.JHI_PERSISTENT_AUDIT_EVENT(PRINCIPAL, EVENT_DATE);    
CREATE CACHED TABLE PUBLIC.JHI_PERSISTENT_AUDIT_EVT_DATA(
    EVENT_ID BIGINT NOT NULL,
    NAME VARCHAR(255) NOT NULL,
    VALUE VARCHAR(255)
);              
ALTER TABLE PUBLIC.JHI_PERSISTENT_AUDIT_EVT_DATA ADD CONSTRAINT PUBLIC.CONSTRAINT_F PRIMARY KEY(EVENT_ID, NAME);               
-- 0 +/- SELECT COUNT(*) FROM PUBLIC.JHI_PERSISTENT_AUDIT_EVT_DATA;            
CREATE INDEX PUBLIC.IDX_PERSISTENT_AUDIT_EVT_DATA ON PUBLIC.JHI_PERSISTENT_AUDIT_EVT_DATA(EVENT_ID);           
CREATE CACHED TABLE PUBLIC.OAUTH_CLIENT_DETAILS(
    CLIENT_ID VARCHAR(255) NOT NULL,
    RESOURCE_IDS VARCHAR(255),
    CLIENT_SECRET VARCHAR(255),
    SCOPE VARCHAR(2000),
    AUTHORIZED_GRANT_TYPES VARCHAR(255),
    WEB_SERVER_REDIRECT_URI VARCHAR(255),
    AUTHORITIES VARCHAR(255),
    ACCESS_TOKEN_VALIDITY INT,
    REFRESH_TOKEN_VALIDITY INT,
    ADDITIONAL_INFORMATION VARCHAR(4096),
    AUTOAPPROVE VARCHAR(4096)
);       
ALTER TABLE PUBLIC.OAUTH_CLIENT_DETAILS ADD CONSTRAINT PUBLIC.PK_OAUTH_CLIENT_DETAILS PRIMARY KEY(CLIENT_ID);  
-- 2 +/- SELECT COUNT(*) FROM PUBLIC.OAUTH_CLIENT_DETAILS;     
INSERT INTO PUBLIC.OAUTH_CLIENT_DETAILS(CLIENT_ID, RESOURCE_IDS, CLIENT_SECRET, SCOPE, AUTHORIZED_GRANT_TYPES, WEB_SERVER_REDIRECT_URI, AUTHORITIES, ACCESS_TOKEN_VALIDITY, REFRESH_TOKEN_VALIDITY, ADDITIONAL_INFORMATION, AUTOAPPROVE) VALUES
('piaapp', '', 'mySecretOAuthSecret', 'read,write', 'password,refresh_token,authorization_code,implicit', NULL, 'ROLE_ADMIN,ROLE_USER', 1800, NULL, '{}', ''),
('eu.ownyourdata.bank', '', 'BtRg8wAauhy46kqhWucQ', 'eu.ownyourdata.info:read,eu.ownyourdata.info:write,eu.ownyourdata.info:update,eu.ownyourdata.bank:read,eu.ownyourdata.bank:write,eu.ownyourdata.bank:update,eu.ownyourdata.bank:delete,eu.ownyourdata.bank.*:read,eu.ownyourdata.bank.*:write,eu.ownyourdata.bank.*:update,eu.ownyourdata.bank.*:delete,eu.ownyourdata.scheduler:read,eu.ownyourdata.scheduler:write,eu.ownyourdata.scheduler:update,eu.ownyourdata.scheduler:delete,eu.ownyourdata.scheduler.email_config:read,eu.ownyourdata.scheduler.email_config:write,eu.ownyourdata.scheduler.email_config:update,eu.ownyourdata.scheduler.email_config:delete', 'client_credentials', NULL, '', 3600, 3600, '{}', '');             
CREATE CACHED TABLE PUBLIC.OAUTH_CLIENT_TOKEN(
    TOKEN_ID VARCHAR(255),
    TOKEN BLOB,
    AUTHENTICATION_ID VARCHAR(255),
    USER_NAME VARCHAR(255),
    CLIENT_ID VARCHAR(255)
);        
-- 0 +/- SELECT COUNT(*) FROM PUBLIC.OAUTH_CLIENT_TOKEN;       
CREATE CACHED TABLE PUBLIC.OAUTH_ACCESS_TOKEN(
    TOKEN_ID VARCHAR(255),
    TOKEN BLOB,
    AUTHENTICATION_ID VARCHAR(255) NOT NULL,
    USER_NAME VARCHAR(255),
    CLIENT_ID VARCHAR(255),
    AUTHENTICATION BLOB,
    REFRESH_TOKEN VARCHAR(255)
);      
ALTER TABLE PUBLIC.OAUTH_ACCESS_TOKEN ADD CONSTRAINT PUBLIC.PK_OAUTH_ACCESS_TOKEN PRIMARY KEY(AUTHENTICATION_ID);              
-- 2 +/- SELECT COUNT(*) FROM PUBLIC.OAUTH_ACCESS_TOKEN;       
INSERT INTO PUBLIC.OAUTH_ACCESS_TOKEN(TOKEN_ID, TOKEN, AUTHENTICATION_ID, USER_NAME, CLIENT_ID, AUTHENTICATION, REFRESH_TOKEN) VALUES
('ea45a69c3ad0f63bfcfc270bf9a82ae7', X'aced0005737200436f72672e737072696e676672616d65776f726b2e73656375726974792e6f61757468322e636f6d6d6f6e2e44656661756c744f4175746832416363657373546f6b656e0cb29e361b24face0200064c00156164646974696f6e616c496e666f726d6174696f6e74000f4c6a6176612f7574696c2f4d61703b4c000a65787069726174696f6e7400104c6a6176612f7574696c2f446174653b4c000c72656672657368546f6b656e74003f4c6f72672f737072696e676672616d65776f726b2f73656375726974792f6f61757468322f636f6d6d6f6e2f4f417574683252656672657368546f6b656e3b4c000573636f706574000f4c6a6176612f7574696c2f5365743b4c0009746f6b656e547970657400124c6a6176612f6c616e672f537472696e673b4c000576616c756571007e000578707372001e6a6176612e7574696c2e436f6c6c656374696f6e7324456d7074794d6170593614855adce7d002000078707372000e6a6176612e7574696c2e44617465686a81014b5974190300007870770800000158f8779ce97870737200256a6176612e7574696c2e436f6c6c656374696f6e7324556e6d6f6469666961626c65536574801d92d18f9b80550200007872002c6a6176612e7574696c2e436f6c6c656374696f6e7324556e6d6f6469666961626c65436f6c6c656374696f6e19420080cb5ef71e0200014c0001637400164c6a6176612f7574696c2f436f6c6c656374696f6e3b7870737200176a6176612e7574696c2e4c696e6b656448617368536574d86cd75a95dd2a1e020000787200116a6176612e7574696c2e48617368536574ba44859596b8b7340300007870770c000000203f4000000000001374001865752e6f776e796f7572646174612e696e666f3a7265616474001965752e6f776e796f7572646174612e696e666f3a777269746574001a65752e6f776e796f7572646174612e696e666f3a75706461746574001865752e6f776e796f7572646174612e62616e6b3a7265616474001965752e6f776e796f7572646174612e62616e6b3a777269746574001a65752e6f776e796f7572646174612e62616e6b3a75706461746574001a65752e6f776e796f7572646174612e62616e6b3a64656c65746574001a65752e6f776e796f7572646174612e62616e6b2e2a3a7265616474001b65752e6f776e796f7572646174612e62616e6b2e2a3a777269746574001c65752e6f776e796f7572646174612e62616e6b2e2a3a75706461746574001c65752e6f776e796f7572646174612e62616e6b2e2a3a64656c65746574001d65752e6f776e796f7572646174612e7363686564756c65723a7265616474001e65752e6f776e796f7572646174612e7363686564756c65723a777269746574001f65752e6f776e796f7572646174612e7363686564756c65723a75706461746574001f65752e6f776e796f7572646174612e7363686564756c65723a64656c65746574002a65752e6f776e796f7572646174612e7363686564756c65722e656d61696c5f636f6e6669673a7265616474002b65752e6f776e796f7572646174612e7363686564756c65722e656d61696c5f636f6e6669673a777269746574002c65752e6f776e796f7572646174612e7363686564756c65722e656d61696c5f636f6e6669673a75706461746574002c65752e6f776e796f7572646174612e7363686564756c65722e656d61696c5f636f6e6669673a64656c6574657874000662656172657274002437656164663763342d393563352d346530322d383832302d663639383662383263316263', 'ca8501c6b5f2b43d34404e1b9118fc4e', NULL, 'eu.ownyourdata.bank', X'aced0005737200416f72672e737072696e676672616d65776f726b2e73656375726974792e6f61757468322e70726f76696465722e4f417574683241757468656e7469636174696f6ebd400b02166252130200024c000d73746f7265645265717565737474003c4c6f72672f737072696e676672616d65776f726b2f73656375726974792f6f61757468322f70726f76696465722f4f4175746832526571756573743b4c00127573657241757468656e7469636174696f6e7400324c6f72672f737072696e676672616d65776f726b2f73656375726974792f636f72652f41757468656e7469636174696f6e3b787200476f72672e737072696e676672616d65776f726b2e73656375726974792e61757468656e7469636174696f6e2e416273747261637441757468656e7469636174696f6e546f6b656ed3aa287e6e47640e0200035a000d61757468656e746963617465644c000b617574686f7269746965737400164c6a6176612f7574696c2f436f6c6c656374696f6e3b4c000764657461696c737400124c6a6176612f6c616e672f4f626a6563743b787000737200266a6176612e7574696c2e436f6c6c656374696f6e7324556e6d6f6469666961626c654c697374fc0f2531b5ec8e100200014c00046c6973747400104c6a6176612f7574696c2f4c6973743b7872002c6a6176612e7574696c2e436f6c6c656374696f6e7324556e6d6f6469666961626c65436f6c6c656374696f6e19420080cb5ef71e0200014c00016371007e00047870737200136a6176612e7574696c2e41727261794c6973747881d21d99c7619d03000149000473697a657870000000007704000000007871007e000c707372003a6f72672e737072696e676672616d65776f726b2e73656375726974792e6f61757468322e70726f76696465722e4f41757468325265717565737400000000000000010200075a0008617070726f7665644c000b617574686f72697469657371007e00044c000a657874656e73696f6e7374000f4c6a6176612f7574696c2f4d61703b4c000b72656469726563745572697400124c6a6176612f6c616e672f537472696e673b4c00077265667265736874003b4c6f72672f737072696e676672616d65776f726b2f73656375726974792f6f61757468322f70726f76696465722f546f6b656e526571756573743b4c000b7265736f7572636549647374000f4c6a6176612f7574696c2f5365743b4c000d726573706f6e7365547970657371007e0011787200386f72672e737072696e676672616d65776f726b2e73656375726974792e6f61757468322e70726f76696465722e426173655265717565737436287a3ea37169bd0200034c0008636c69656e74496471007e000f4c001172657175657374506172616d657465727371007e000e4c000573636f706571007e0011787074001365752e6f776e796f7572646174612e62616e6b737200256a6176612e7574696c2e436f6c6c656374696f6e7324556e6d6f6469666961626c654d6170f1a5a8fe74f507420200014c00016d71007e000e7870737200116a6176612e7574696c2e486173684d61700507dac1c31660d103000246000a6c6f6164466163746f724900097468726573686f6c6478703f400000000000067708000000080000000274000a6772616e745f74797065740012636c69656e745f63726564656e7469616c73740009636c69656e745f696474001365752e6f776e796f7572646174612e62616e6b78737200256a6176612e7574696c2e436f6c6c656374696f6e7324556e6d6f6469666961626c65536574801d92d18f9b80550200007871007e0009737200176a6176612e7574696c2e4c696e6b656448617368536574d86cd75a95dd2a1e020000787200116a6176612e7574696c2e48617368536574ba44859596b8b7340300007870770c000000403f4000000000001374001865752e6f776e796f7572646174612e696e666f3a7265616474001965752e6f776e796f7572646174612e696e666f3a777269746574001a65752e6f776e796f7572646174612e696e666f3a75706461746574001865752e6f776e796f7572646174612e62616e6b3a7265616474001965752e6f776e796f7572646174612e62616e6b3a777269746574001a65752e6f776e796f7572646174612e62616e6b3a75706461746574001a65752e6f776e796f7572646174612e62616e6b3a64656c65746574001a65752e6f776e796f7572646174612e62616e6b2e2a3a7265616474001b65752e6f776e796f7572646174612e62616e6b2e2a3a777269746574001c65752e6f776e796f7572646174612e62616e6b2e2a3a75706461746574001c65752e6f776e796f7572646174612e62616e6b2e2a3a64656c65746574001d65752e6f776e796f7572646174612e7363686564756c65723a7265616474001e65752e6f776e796f7572646174612e7363686564756c65723a777269746574001f65752e6f776e796f7572646174612e7363686564756c65723a75706461746574001f65752e6f776e796f7572646174612e7363686564756c65723a64656c65746574002a65752e6f776e796f7572646174612e7363686564756c65722e656d61696c5f636f6e6669673a7265616474002b65752e6f776e796f7572646174612e7363686564756c65722e656d61696c5f636f6e6669673a777269746574002c65752e6f776e796f7572646174612e7363686564756c65722e656d61696c5f636f6e6669673a75706461746574002c65752e6f776e796f7572646174612e7363686564756c65722e656d61696c5f636f6e6669673a64656c65746578017371007e0020770c000000103f40000000000000787371007e00173f40000000000000770800000010000000007870707372001e6a6176612e7574696c2e436f6c6c656374696f6e7324456d70747953657415f5721db403cb2802000078707371007e0020770c000000103f400000000000007870', NULL);               
INSERT INTO PUBLIC.OAUTH_ACCESS_TOKEN(TOKEN_ID, TOKEN, AUTHENTICATION_ID, USER_NAME, CLIENT_ID, AUTHENTICATION, REFRESH_TOKEN) VALUES
('dce3a8c9eeb04938766725daf5ea3d67', X'aced0005737200436f72672e737072696e676672616d65776f726b2e73656375726974792e6f61757468322e636f6d6d6f6e2e44656661756c744f4175746832416363657373546f6b656e0cb29e361b24face0200064c00156164646974696f6e616c496e666f726d6174696f6e74000f4c6a6176612f7574696c2f4d61703b4c000a65787069726174696f6e7400104c6a6176612f7574696c2f446174653b4c000c72656672657368546f6b656e74003f4c6f72672f737072696e676672616d65776f726b2f73656375726974792f6f61757468322f636f6d6d6f6e2f4f417574683252656672657368546f6b656e3b4c000573636f706574000f4c6a6176612f7574696c2f5365743b4c0009746f6b656e547970657400124c6a6176612f6c616e672f537472696e673b4c000576616c756571007e000578707372001e6a6176612e7574696c2e436f6c6c656374696f6e7324456d7074794d6170593614855adce7d002000078707372000e6a6176612e7574696c2e44617465686a81014b5974190300007870770800000158f8db9f36787372004c6f72672e737072696e676672616d65776f726b2e73656375726974792e6f61757468322e636f6d6d6f6e2e44656661756c744578706972696e674f417574683252656672657368546f6b656e2fdf47639dd0c9b70200014c000a65787069726174696f6e71007e0002787200446f72672e737072696e676672616d65776f726b2e73656375726974792e6f61757468322e636f6d6d6f6e2e44656661756c744f417574683252656672657368546f6b656e73e10e0a6354d45e0200014c000576616c756571007e0005787074002462323830316334322d363234372d343065612d623464622d3030313361313833356265357371007e000977080000015992be11dd78737200256a6176612e7574696c2e436f6c6c656374696f6e7324556e6d6f6469666961626c65536574801d92d18f9b80550200007872002c6a6176612e7574696c2e436f6c6c656374696f6e7324556e6d6f6469666961626c65436f6c6c656374696f6e19420080cb5ef71e0200014c0001637400164c6a6176612f7574696c2f436f6c6c656374696f6e3b7870737200176a6176612e7574696c2e4c696e6b656448617368536574d86cd75a95dd2a1e020000787200116a6176612e7574696c2e48617368536574ba44859596b8b7340300007870770c000000103f400000000000027400047265616474000577726974657874000662656172657274002464616338393536332d373862612d343563642d386662662d353931663136623762323436', 'a2db529d624bd93cc6e761ed03e1fd90', 'admin', 'piaapp', X'aced0005737200416f72672e737072696e676672616d65776f726b2e73656375726974792e6f61757468322e70726f76696465722e4f417574683241757468656e7469636174696f6ebd400b02166252130200024c000d73746f7265645265717565737474003c4c6f72672f737072696e676672616d65776f726b2f73656375726974792f6f61757468322f70726f76696465722f4f4175746832526571756573743b4c00127573657241757468656e7469636174696f6e7400324c6f72672f737072696e676672616d65776f726b2f73656375726974792f636f72652f41757468656e7469636174696f6e3b787200476f72672e737072696e676672616d65776f726b2e73656375726974792e61757468656e7469636174696f6e2e416273747261637441757468656e7469636174696f6e546f6b656ed3aa287e6e47640e0200035a000d61757468656e746963617465644c000b617574686f7269746965737400164c6a6176612f7574696c2f436f6c6c656374696f6e3b4c000764657461696c737400124c6a6176612f6c616e672f4f626a6563743b787000737200266a6176612e7574696c2e436f6c6c656374696f6e7324556e6d6f6469666961626c654c697374fc0f2531b5ec8e100200014c00046c6973747400104c6a6176612f7574696c2f4c6973743b7872002c6a6176612e7574696c2e436f6c6c656374696f6e7324556e6d6f6469666961626c65436f6c6c656374696f6e19420080cb5ef71e0200014c00016371007e00047870737200136a6176612e7574696c2e41727261794c6973747881d21d99c7619d03000149000473697a65787000000002770400000002737200426f72672e737072696e676672616d65776f726b2e73656375726974792e636f72652e617574686f726974792e53696d706c654772616e746564417574686f7269747900000000000001900200014c0004726f6c657400124c6a6176612f6c616e672f537472696e673b787074000a524f4c455f41444d494e7371007e000d740009524f4c455f555345527871007e000c707372003a6f72672e737072696e676672616d65776f726b2e73656375726974792e6f61757468322e70726f76696465722e4f41757468325265717565737400000000000000010200075a0008617070726f7665644c000b617574686f72697469657371007e00044c000a657874656e73696f6e7374000f4c6a6176612f7574696c2f4d61703b4c000b726564697265637455726971007e000e4c00077265667265736874003b4c6f72672f737072696e676672616d65776f726b2f73656375726974792f6f61757468322f70726f76696465722f546f6b656e526571756573743b4c000b7265736f7572636549647374000f4c6a6176612f7574696c2f5365743b4c000d726573706f6e7365547970657371007e0016787200386f72672e737072696e676672616d65776f726b2e73656375726974792e6f61757468322e70726f76696465722e426173655265717565737436287a3ea37169bd0200034c0008636c69656e74496471007e000e4c001172657175657374506172616d657465727371007e00144c000573636f706571007e00167870740006706961617070737200256a6176612e7574696c2e436f6c6c656374696f6e7324556e6d6f6469666961626c654d6170f1a5a8fe74f507420200014c00016d71007e00147870737200116a6176612e7574696c2e486173684d61700507dac1c31660d103000246000a6c6f6164466163746f724900097468726573686f6c6478703f4000000000000c7708000000100000000474000a6772616e745f7479706574000870617373776f726474000573636f706574000a72656164207772697465740009636c69656e745f6964740006706961617070740008757365726e616d6574000561646d696e78737200256a6176612e7574696c2e436f6c6c656374696f6e7324556e6d6f6469666961626c65536574801d92d18f9b80550200007871007e0009737200176a6176612e7574696c2e4c696e6b656448617368536574d86cd75a95dd2a1e020000787200116a6176612e7574696c2e48617368536574ba44859596b8b7340300007870770c000000103f4000000000000274000472656164740005777269746578017371007e0029770c000000103f400000000000027371007e000d740009524f4c455f555345527371007e000d74000a524f4c455f41444d494e787371007e001c3f40000000000000770800000010000000007870707372001e6a6176612e7574696c2e436f6c6c656374696f6e7324456d70747953657415f5721db403cb2802000078707371007e0029770c000000103f40000000000000787372004f6f72672e737072696e676672616d65776f726b2e73656375726974792e61757468656e7469636174696f6e2e557365726e616d6550617373776f726441757468656e7469636174696f6e546f6b656e00000000000001900200024c000b63726564656e7469616c7371007e00054c00097072696e636970616c71007e00057871007e0003017371007e00077371007e000b0000000277040000000271007e000f71007e00117871007e0039737200176a6176612e7574696c2e4c696e6b6564486173684d617034c04e5c106cc0fb0200015a000b6163636573734f726465727871007e001c3f4000000000000c7708000000100000000571007e002471007e002571007e001e71007e001f71007e002071007e002174000d636c69656e745f7365637265747400136d795365637265744f4175746853656372657471007e002271007e0023780070737200326f72672e737072696e676672616d65776f726b2e73656375726974792e636f72652e7573657264657461696c732e5573657200000000000001900200075a00116163636f756e744e6f6e457870697265645a00106163636f756e744e6f6e4c6f636b65645a001563726564656e7469616c734e6f6e457870697265645a0007656e61626c65644c000b617574686f72697469657371007e00164c000870617373776f726471007e000e4c0008757365726e616d6571007e000e7870010101017371007e0026737200116a6176612e7574696c2e54726565536574dd98509395ed875b0300007870737200466f72672e737072696e676672616d65776f726b2e73656375726974792e636f72652e7573657264657461696c732e5573657224417574686f72697479436f6d70617261746f720000000000000190020000787077040000000271007e000f71007e0011787071007e0025', '0fe587cc3fafcf983edd3a6747664e31');             
CREATE CACHED TABLE PUBLIC.OAUTH_REFRESH_TOKEN(
    TOKEN_ID VARCHAR(255),
    TOKEN BLOB,
    AUTHENTICATION BLOB
);          
-- 1 +/- SELECT COUNT(*) FROM PUBLIC.OAUTH_REFRESH_TOKEN;      
INSERT INTO PUBLIC.OAUTH_REFRESH_TOKEN(TOKEN_ID, TOKEN, AUTHENTICATION) VALUES
('0fe587cc3fafcf983edd3a6747664e31', X'aced00057372004c6f72672e737072696e676672616d65776f726b2e73656375726974792e6f61757468322e636f6d6d6f6e2e44656661756c744578706972696e674f417574683252656672657368546f6b656e2fdf47639dd0c9b70200014c000a65787069726174696f6e7400104c6a6176612f7574696c2f446174653b787200446f72672e737072696e676672616d65776f726b2e73656375726974792e6f61757468322e636f6d6d6f6e2e44656661756c744f417574683252656672657368546f6b656e73e10e0a6354d45e0200014c000576616c75657400124c6a6176612f6c616e672f537472696e673b787074002462323830316334322d363234372d343065612d623464622d3030313361313833356265357372000e6a6176612e7574696c2e44617465686a81014b597419030000787077080000015992be11dd78', X'aced0005737200416f72672e737072696e676672616d65776f726b2e73656375726974792e6f61757468322e70726f76696465722e4f417574683241757468656e7469636174696f6ebd400b02166252130200024c000d73746f7265645265717565737474003c4c6f72672f737072696e676672616d65776f726b2f73656375726974792f6f61757468322f70726f76696465722f4f4175746832526571756573743b4c00127573657241757468656e7469636174696f6e7400324c6f72672f737072696e676672616d65776f726b2f73656375726974792f636f72652f41757468656e7469636174696f6e3b787200476f72672e737072696e676672616d65776f726b2e73656375726974792e61757468656e7469636174696f6e2e416273747261637441757468656e7469636174696f6e546f6b656ed3aa287e6e47640e0200035a000d61757468656e746963617465644c000b617574686f7269746965737400164c6a6176612f7574696c2f436f6c6c656374696f6e3b4c000764657461696c737400124c6a6176612f6c616e672f4f626a6563743b787000737200266a6176612e7574696c2e436f6c6c656374696f6e7324556e6d6f6469666961626c654c697374fc0f2531b5ec8e100200014c00046c6973747400104c6a6176612f7574696c2f4c6973743b7872002c6a6176612e7574696c2e436f6c6c656374696f6e7324556e6d6f6469666961626c65436f6c6c656374696f6e19420080cb5ef71e0200014c00016371007e00047870737200136a6176612e7574696c2e41727261794c6973747881d21d99c7619d03000149000473697a65787000000002770400000002737200426f72672e737072696e676672616d65776f726b2e73656375726974792e636f72652e617574686f726974792e53696d706c654772616e746564417574686f7269747900000000000001900200014c0004726f6c657400124c6a6176612f6c616e672f537472696e673b787074000a524f4c455f41444d494e7371007e000d740009524f4c455f555345527871007e000c707372003a6f72672e737072696e676672616d65776f726b2e73656375726974792e6f61757468322e70726f76696465722e4f41757468325265717565737400000000000000010200075a0008617070726f7665644c000b617574686f72697469657371007e00044c000a657874656e73696f6e7374000f4c6a6176612f7574696c2f4d61703b4c000b726564697265637455726971007e000e4c00077265667265736874003b4c6f72672f737072696e676672616d65776f726b2f73656375726974792f6f61757468322f70726f76696465722f546f6b656e526571756573743b4c000b7265736f7572636549647374000f4c6a6176612f7574696c2f5365743b4c000d726573706f6e7365547970657371007e0016787200386f72672e737072696e676672616d65776f726b2e73656375726974792e6f61757468322e70726f76696465722e426173655265717565737436287a3ea37169bd0200034c0008636c69656e74496471007e000e4c001172657175657374506172616d657465727371007e00144c000573636f706571007e00167870740006706961617070737200256a6176612e7574696c2e436f6c6c656374696f6e7324556e6d6f6469666961626c654d6170f1a5a8fe74f507420200014c00016d71007e00147870737200116a6176612e7574696c2e486173684d61700507dac1c31660d103000246000a6c6f6164466163746f724900097468726573686f6c6478703f4000000000000c7708000000100000000474000a6772616e745f7479706574000870617373776f726474000573636f706574000a72656164207772697465740009636c69656e745f6964740006706961617070740008757365726e616d6574000561646d696e78737200256a6176612e7574696c2e436f6c6c656374696f6e7324556e6d6f6469666961626c65536574801d92d18f9b80550200007871007e0009737200176a6176612e7574696c2e4c696e6b656448617368536574d86cd75a95dd2a1e020000787200116a6176612e7574696c2e48617368536574ba44859596b8b7340300007870770c000000103f4000000000000274000472656164740005777269746578017371007e0029770c000000103f400000000000027371007e000d740009524f4c455f555345527371007e000d74000a524f4c455f41444d494e787371007e001c3f40000000000000770800000010000000007870707372001e6a6176612e7574696c2e436f6c6c656374696f6e7324456d70747953657415f5721db403cb2802000078707371007e0029770c000000103f40000000000000787372004f6f72672e737072696e676672616d65776f726b2e73656375726974792e61757468656e7469636174696f6e2e557365726e616d6550617373776f726441757468656e7469636174696f6e546f6b656e00000000000001900200024c000b63726564656e7469616c7371007e00054c00097072696e636970616c71007e00057871007e0003017371007e00077371007e000b0000000277040000000271007e000f71007e00117871007e0039737200176a6176612e7574696c2e4c696e6b6564486173684d617034c04e5c106cc0fb0200015a000b6163636573734f726465727871007e001c3f4000000000000c7708000000100000000571007e002471007e002571007e001e71007e001f71007e002071007e002174000d636c69656e745f7365637265747400136d795365637265744f4175746853656372657471007e002271007e0023780070737200326f72672e737072696e676672616d65776f726b2e73656375726974792e636f72652e7573657264657461696c732e5573657200000000000001900200075a00116163636f756e744e6f6e457870697265645a00106163636f756e744e6f6e4c6f636b65645a001563726564656e7469616c734e6f6e457870697265645a0007656e61626c65644c000b617574686f72697469657371007e00164c000870617373776f726471007e000e4c0008757365726e616d6571007e000e7870010101017371007e0026737200116a6176612e7574696c2e54726565536574dd98509395ed875b0300007870737200466f72672e737072696e676672616d65776f726b2e73656375726974792e636f72652e7573657264657461696c732e5573657224417574686f72697479436f6d70617261746f720000000000000190020000787077040000000271007e000f71007e0011787071007e0025');         
CREATE CACHED TABLE PUBLIC.OAUTH_CODE(
    CODE VARCHAR(255)
);
-- 0 +/- SELECT COUNT(*) FROM PUBLIC.OAUTH_CODE;               
CREATE CACHED TABLE PUBLIC.OAUTH_APPROVALS(
    USERID VARCHAR(255),
    CLIENTID VARCHAR(255),
    SCOPE VARCHAR(255),
    STATUS VARCHAR(255),
    EXPIRESAT TIMESTAMP,
    LASTMODIFIEDAT TIMESTAMP
);      
-- 0 +/- SELECT COUNT(*) FROM PUBLIC.OAUTH_APPROVALS;          
CREATE CACHED TABLE PUBLIC.EXTERNAL_PLUGIN(
    ID BIGINT NOT NULL,
    URL VARCHAR(255),
    MOBILEURL VARCHAR(255)
);        
ALTER TABLE PUBLIC.EXTERNAL_PLUGIN ADD CONSTRAINT PUBLIC.CONSTRAINT_FC PRIMARY KEY(ID);        
-- 1 +/- SELECT COUNT(*) FROM PUBLIC.EXTERNAL_PLUGIN;          
INSERT INTO PUBLIC.EXTERNAL_PLUGIN(ID, URL, MOBILEURL) VALUES
(1, 'https://kontoentwicklung.datentresor.org', 'https://kontoentwicklung.datentresor.org');     
CREATE CACHED TABLE PUBLIC.HOSTED_PLUGIN(
    ID BIGINT NOT NULL,
    HOST_ID BIGINT
);        
ALTER TABLE PUBLIC.HOSTED_PLUGIN ADD CONSTRAINT PUBLIC.CONSTRAINT_9F PRIMARY KEY(ID);          
-- 0 +/- SELECT COUNT(*) FROM PUBLIC.HOSTED_PLUGIN;            
CREATE INDEX PUBLIC.FK_M60B4P5ONHEKG1PV1Y1XX1W9Q_INDEX_9 ON PUBLIC.HOSTED_PLUGIN(HOST_ID);     
CREATE CACHED TABLE PUBLIC.HOST_PLUGIN(
    MODULES_PATH VARCHAR(255),
    ID BIGINT NOT NULL
);               
ALTER TABLE PUBLIC.HOST_PLUGIN ADD CONSTRAINT PUBLIC.CONSTRAINT_9 PRIMARY KEY(ID);             
-- 0 +/- SELECT COUNT(*) FROM PUBLIC.HOST_PLUGIN;              
CREATE CACHED TABLE PUBLIC.ITEM(
    ID BIGINT DEFAULT (NEXT VALUE FOR PUBLIC.SYSTEM_SEQUENCE_82370DD0_AA6E_43DD_BB6A_C7353CB51922) NOT NULL NULL_TO_DEFAULT SEQUENCE PUBLIC.SYSTEM_SEQUENCE_82370DD0_AA6E_43DD_BB6A_C7353CB51922,
    VALUE VARCHAR(100000) NOT NULL,
    BELONGS_ID BIGINT
);
ALTER TABLE PUBLIC.ITEM ADD CONSTRAINT PUBLIC.CONSTRAINT_2 PRIMARY KEY(ID);    
-- 217 +/- SELECT COUNT(*) FROM PUBLIC.ITEM;   
INSERT INTO PUBLIC.ITEM(ID, VALUE, BELONGS_ID) VALUES
(1, '{"date":"2016-12-20","description":"SPAR DANKT   4813P K2 19.12.    UM 14.25     VD/000001274","value":-14.35,"descriptionOrig":"SPAR DANKT   4813P K2 19.12.    UM 14.25     VD/000001274"}', 1),
(2, '{"date":"2016-12-19","description":"DE    80,00 MAESTRO ATM 16.1    2.07 19.33K2 VD/000001273|Bankomat Ausland DE    80,00|AM 16.12.16 19.33  KARTE2|GREIFSWALDER 48 10405 BERLIN UNKNOWN","value":-80,"descriptionOrig":"DE    80,00 MAESTRO ATM 16.1    2.07 19.33K2 VD/000001273|Bankomat Ausland DE    80,00|AM 16.12.16 19.33  KARTE2|GREIFSWALDER 48 10405 BERLIN UNKNOWN"}', 1),
(3, '{"date":"2016-12-19","description":"DE    80,00 MAESTRO ATM 16.1    2.07 12.35K2 VD/000001272|Bankomat Ausland DE    80,00|AM 16.12.16 12.35  KARTE2|GREIFSW STR 48 10405 BERLIN UNKNOWN","value":-80,"descriptionOrig":"DE    80,00 MAESTRO ATM 16.1    2.07 12.35K2 VD/000001272|Bankomat Ausland DE    80,00|AM 16.12.16 12.35  KARTE2|GREIFSW STR 48 10405 BERLIN UNKNOWN"}', 1),
(4, '{"date":"2016-12-18","description":"SPAR DANKT   4802P K2 17.12.    UM 18.57     VD/000001271","value":-8.56,"descriptionOrig":"SPAR DANKT   4802P K2 17.12.    UM 18.57     VD/000001271"}', 1),
(5, '{"date":"2016-12-18","description":"OEBB         0820P K2 17.12.    UM 09.22     VD/000001270","value":-7.5,"descriptionOrig":"OEBB         0820P K2 17.12.    UM 09.22     VD/000001270"}', 1),
(6, '{"date":"2016-12-18","description":"SPAREINZUG                      20515009001  OG/000001269|34000 00000xxxxxx ING DIBA DIREKTBANK AUSTRIA","value":-200,"descriptionOrig":"SPAREINZUG                      20515009001  OG/000001269|34000 00000xxxxxx ING DIBA DIREKTBANK AUSTRIA"}', 1),
(7, '{"date":"2016-12-18","description":"Abbuchung Lastschrift                        OG/000001268|WIENSTROM GMBH                      20151 00696216001","value":-18,"descriptionOrig":"Abbuchung Lastschrift                        OG/000001268|WIENSTROM GMBH                      20151 00696216001"}', 1),
(8, STRINGDECODE('{\"date\":\"2016-12-18\",\"description\":\"Gutschrift \u00dcberweisung                       VD/000001267|Company AG                       20151 00670xxxxxx\",\"value\":277.91,\"descriptionOrig\":\"Gutschrift \u00dcberweisung                       VD/000001267|Company AG                       20151 00670xxxxxx\"}'), 1),
(9, '{"date":"2016-12-18","description":"Hotel Washington                             FE/000001266|20111 00037xxxxxx N.N.","value":-144.01,"descriptionOrig":"Hotel Washington                             FE/000001266|20111 00037xxxxxx N.N."}', 1),
(10, '{"date":"2016-12-14","description":"Auszahlung Maestro                           MC/000001265|BANKOMAT 36661 KARTE2 14.12.UM 09.06","value":-90,"descriptionOrig":"Auszahlung Maestro                           MC/000001265|BANKOMAT 36661 KARTE2 14.12.UM 09.06"}', 1),
(11, '{"date":"2016-12-12","description":"Auszahlung Maestro                           MC/000001264|BANKOMAT 36661 KARTE2 12.12.UM 09.05","value":-60,"descriptionOrig":"Auszahlung Maestro                           MC/000001264|BANKOMAT 36661 KARTE2 12.12.UM 09.05"}', 1),
(12, '{"date":"2016-12-12","description":"A1 RECHNUNG       10/07  312    335185797673 OG/000001263|60000 00007501629 MOBILKOM AUSTRIA","value":-11.47,"descriptionOrig":"A1 RECHNUNG       10/07  312    335185797673 OG/000001263|60000 00007501629 MOBILKOM AUSTRIA"}', 1),
(13, '{"date":"2016-12-10","description":"CHF      50 BAR71207K + 2,05     712060912K2 VD/000001262|Bankomat Ausland CHF      50|am 071206/09.12  KARTE2|SPESEN: 2,05  KURS: 1,64804  VOM: 07.12.2016","value":-32.39,"descriptionOrig":"CHF      50 BAR71207K + 2,05     712060912K2 VD/000001262|Bankomat Ausland CHF      50|am 071206/09.12  KARTE2|SPESEN: 2,05  KURS: 1,64804  VOM: 07.12.2016"}', 1),
(14, '{"date":"2016-12-10","description":"CHF       9,30/71207K + 1,13     712061634K2 VD/000001261","value":-6.77,"descriptionOrig":"CHF       9,30/71207K + 1,13     712061634K2 VD/000001261"}', 1),
(15, '{"date":"2016-12-10","description":"CHF       6,00/71207K + 1,12     712060833K2 VD/000001260","value":-4.76,"descriptionOrig":"CHF       6,00/71207K + 1,12     712060833K2 VD/000001260"}', 1);   
INSERT INTO PUBLIC.ITEM(ID, VALUE, BELONGS_ID) VALUES
(16, '{"date":"2016-12-10","description":"CHF      27,80/71207K + 1,22     712061626K2 VD/000001259","value":-18.09,"descriptionOrig":"CHF      27,80/71207K + 1,22     712061626K2 VD/000001259"}', 1),
(17, '{"date":"2016-12-10","description":"CHF      35,80/71207K + 1,25     712061730K2 VD/000001258","value":-22.97,"descriptionOrig":"CHF      35,80/71207K + 1,25     712061730K2 VD/000001258"}', 1),
(18, '{"date":"2016-12-10","description":"OEBB 1176    0698P K2 08.12.    UM 11.40     VD/000001257","value":-25.7,"descriptionOrig":"OEBB 1176    0698P K2 08.12.    UM 11.40     VD/000001257"}', 1),
(19, '{"date":"2016-12-10","description":"OEBB 1230    0630P K2 08.12.    UM 05.19     VD/000001256","value":-12.2,"descriptionOrig":"OEBB 1230    0630P K2 08.12.    UM 05.19     VD/000001256"}', 1),
(20, '{"date":"2016-12-10","description":"easy weltkarte                  000000       MC/000001255","value":-370.79,"descriptionOrig":"easy weltkarte                  000000       MC/000001255"}', 1),
(21, '{"date":"2016-12-07","description":"Auszahlung Maestro                           MC/000001254|BANKOMAT 28051 KARTE2 07.12.UM 09.39","value":-60,"descriptionOrig":"Auszahlung Maestro                           MC/000001254|BANKOMAT 28051 KARTE2 07.12.UM 09.39"}', 1),
(22, '{"date":"2016-12-05","description":"GEBUEHRENRECHNUNG    0001156    33810        OG/000001253|20151 00697908192 UPC - Wien","value":-19.98,"descriptionOrig":"GEBUEHRENRECHNUNG    0001156    33810        OG/000001253|20151 00697908192 UPC - Wien"}', 1),
(23, STRINGDECODE('{\"date\":\"2016-12-04\",\"description\":\"Abbuchung Einzugserm\u00e4chtigung                OG/000001252|Standard Life Versicherung          19100 00058002000\",\"value\":-155.67,\"descriptionOrig\":\"Abbuchung Einzugserm\u00e4chtigung                OG/000001252|Standard Life Versicherung          19100 00058002000\"}'), 1),
(24, '{"date":"2016-12-04","description":"POL.3532774/0 FP 12/2007        353277409999 OG/000001251|53100 01155090037 DIE NIEDEROESTERREICHISCHE VERS","value":-17.83,"descriptionOrig":"POL.3532774/0 FP 12/2007        353277409999 OG/000001251|53100 01155090037 DIE NIEDEROESTERREICHISCHE VERS"}', 1),
(25, STRINGDECODE('{\"date\":\"2016-12-04\",\"description\":\"Abbuchung Lastschrift                        OG/000001250|ISTA \u00d6STERREICH GMBH                20151 00637149311\",\"value\":-46,\"descriptionOrig\":\"Abbuchung Lastschrift                        OG/000001250|ISTA \u00d6STERREICH GMBH                20151 00637149311\"}'), 1),
(26, '{"date":"2016-12-04","description":"Vorschreibung        12.2016    205000011207 OG/000001249|20111 28654698700 Meyer & Soehne","value":-674.56,"descriptionOrig":"Vorschreibung        12.2016    205000011207 OG/000001249|20111 28654698700 Meyer & Soehne"}', 1),
(27, '{"date":"2016-12-04","description":"Kranken    01122007-01012008    608001332697 OG/000001248|20111 00001201387 UNIQA Personenversicherung AG","value":-14.48,"descriptionOrig":"Kranken    01122007-01012008    608001332697 OG/000001248|20111 00001201387 UNIQA Personenversicherung AG"}', 1),
(28, STRINGDECODE('{\"date\":\"2016-12-03\",\"description\":\"\u00d6BB VORTEILSCARD  6014800063    000000402303 OG/000001247|18190 10014006009 \u00d6BB VORTEILSCARD VEREIN CLASSIC\",\"value\":-83,\"descriptionOrig\":\"\u00d6BB VORTEILSCARD  6014800063    000000402303 OG/000001247|18190 10014006009 \u00d6BB VORTEILSCARD VEREIN CLASSIC\"}'), 1),
(29, '{"date":"2016-12-03","description":"Bezahlung Maestro                            MC/000001246|PULTAR       0001  K2 03.12.UM 16.13","value":-92,"descriptionOrig":"Bezahlung Maestro                            MC/000001246|PULTAR       0001  K2 03.12.UM 16.13"}', 1),
(30, '{"date":"2016-12-03","description":"TRN         07120315002JLRR7|IB120314                                     VB/000001245|Burning Love                        14000 00119600103","value":-20.5,"descriptionOrig":"TRN         07120315002JLRR7|IB120314                                     VB/000001245|Burning Love                        14000 00119600103"}', 1);             
INSERT INTO PUBLIC.ITEM(ID, VALUE, BELONGS_ID) VALUES
(31, '{"date":"2016-12-03","description":"SPAR DANKT   4813P K2 01.12.    UM 16.16     VD/000001244","value":-19.74,"descriptionOrig":"SPAR DANKT   4813P K2 01.12.    UM 16.16     VD/000001244"}', 1),
(32, '{"date":"2016-12-03","description":"V.S.NR.  28145392:01.12.2016    10168631     OG/000001243|31000 00200597807 FinanceLife Lebensvers.AG","value":-70,"descriptionOrig":"V.S.NR.  28145392:01.12.2016    10168631     OG/000001243|31000 00200597807 FinanceLife Lebensvers.AG"}', 1),
(33, '{"date":"2016-12-03","description":"Auszahlung Maestro                           MC/000001242|AUTOMAT  10487 KARTE2 02.12.UM 19.32","value":-50,"descriptionOrig":"Auszahlung Maestro                           MC/000001242|AUTOMAT  10487 KARTE2 02.12.UM 19.32"}', 1),
(34, '{"date":"2016-12-03","description":"Bezahlung Maestro                            MC/000001241|WIENER LINIE 3018  K2 01.12.UM 07.32","value":-49.5,"descriptionOrig":"Bezahlung Maestro                            MC/000001241|WIENER LINIE 3018  K2 01.12.UM 07.32"}', 1),
(35, '{"date":"2016-11-29","description":"Miete                                        VD/000001240|11000 01210170520 Wirtschaftskammer /Fachorg./","value":110,"descriptionOrig":"Miete                                        VD/000001240|11000 01210170520 Wirtschaftskammer /Fachorg./"}', 1),
(36, '{"date":"2016-11-29","description":"Auszahlung Maestro                           MC/000001239|AUTOMAT  52305 KARTE2 29.11.UM 07.47","value":-50,"descriptionOrig":"Auszahlung Maestro                           MC/000001239|AUTOMAT  52305 KARTE2 29.11.UM 07.47"}', 1),
(37, '{"date":"2016-11-28","description":"GEHALT  11/07                                VD/000001238|20151 00670xxxxxx Company","value":5756.08,"descriptionOrig":"GEHALT  11/07                                VD/000001238|20151 00670xxxxxx Company"}', 1),
(38, '{"date":"2016-11-28","description":"Reservierung Silvester 2007                  FE/000001237|18190 33775xxxxxx N.N.","value":-20,"descriptionOrig":"Reservierung Silvester 2007                  FE/000001237|18190 33775xxxxxx N.N."}', 1),
(39, '{"date":"2016-11-26","description":"EYBL 1150    0808N K2 23.11.    UM 15.44     OG/000001236|15130 00281244772","value":-399.99,"descriptionOrig":"EYBL 1150    0808N K2 23.11.    UM 15.44     OG/000001236|15130 00281244772"}', 1),
(40, '{"date":"2016-11-26","description":"SHELL 2013   2146P K2 24.11.    UM 13.51     VD/000001235","value":-10.12,"descriptionOrig":"SHELL 2013   2146P K2 24.11.    UM 13.51     VD/000001235"}', 1),
(41, '{"date":"2016-11-26","description":"OEBB 2662    0245P K2 24.11.    UM 15.38     VD/000001234","value":-4.2,"descriptionOrig":"OEBB 2662    0245P K2 24.11.    UM 15.38     VD/000001234"}', 1),
(42, '{"date":"2016-11-26","description":"AUTOMAT  51115 KARTE2 23.11.    UM 21.26     VD/000001233","value":-50,"descriptionOrig":"AUTOMAT  51115 KARTE2 23.11.    UM 21.26     VD/000001233"}', 1),
(43, '{"date":"2016-11-23","description":"Bezahlung Maestro                            MC/000001232|MEXX LIFE ST 0004  K2 23.11.UM 16.11","value":-59.9,"descriptionOrig":"Bezahlung Maestro                            MC/000001232|MEXX LIFE ST 0004  K2 23.11.UM 16.11"}', 1),
(44, '{"date":"2016-11-22","description":"Bezahlung Maestro                            MC/000001231|HUMANIC 1010 0060  K2 22.11.UM 18.53","value":-96.45,"descriptionOrig":"Bezahlung Maestro                            MC/000001231|HUMANIC 1010 0060  K2 22.11.UM 18.53"}', 1),
(45, '{"date":"2016-11-20","description":"Bezahlung Maestro                            MC/000001230|WEIN & CO    0018  K2 20.11.UM 17.18","value":-60,"descriptionOrig":"Bezahlung Maestro                            MC/000001230|WEIN & CO    0018  K2 20.11.UM 17.18"}', 1),
(46, '{"date":"2016-11-20","description":"BANKOMAT 36661 KARTE2 19.11.    UM 17.12     VD/000001229","value":-60,"descriptionOrig":"BANKOMAT 36661 KARTE2 19.11.    UM 17.12     VD/000001229"}', 1),
(47, '{"date":"2016-11-20","description":"DM-FIL. 0538 0538P K2 19.11.    UM 18.08     VD/000001228","value":-24.4,"descriptionOrig":"DM-FIL. 0538 0538P K2 19.11.    UM 18.08     VD/000001228"}', 1);    
INSERT INTO PUBLIC.ITEM(ID, VALUE, BELONGS_ID) VALUES
(48, '{"date":"2016-11-20","description":"SPAR DANKT   4813P K2 19.11.    UM 17.40     VD/000001227","value":-16.3,"descriptionOrig":"SPAR DANKT   4813P K2 19.11.    UM 17.40     VD/000001227"}', 1),
(49, '{"date":"2016-11-20","description":"OEBB 2662    0245P K2 19.11.    UM 12.34     VD/000001226","value":-4.2,"descriptionOrig":"OEBB 2662    0245P K2 19.11.    UM 12.34     VD/000001226"}', 1),
(50, '{"date":"2016-11-19","description":"SPAREINZUG                      20515009001  OG/000001225|34000 00000xxxxxx ING DIBA DIREKTBANK AUSTRIA","value":-200,"descriptionOrig":"SPAREINZUG                      20515009001  OG/000001225|34000 00000xxxxxx ING DIBA DIREKTBANK AUSTRIA"}', 1),
(51, '{"date":"2016-11-19","description":"Abbuchung Lastschrift                        OG/000001224|WIENSTROM GMBH                      20151 00696216001","value":-18,"descriptionOrig":"Abbuchung Lastschrift                        OG/000001224|WIENSTROM GMBH                      20151 00696216001"}', 1),
(52, '{"date":"2016-11-14","description":"BILLA 1010   0174P K2 13.11.    UM 18.34     VD/000001223","value":-4.66,"descriptionOrig":"BILLA 1010   0174P K2 13.11.    UM 18.34     VD/000001223"}', 1),
(53, '{"date":"2016-11-14","description":"MORAWA       0001P K2 13.11.    UM 18.54     VD/000001222","value":-8.3,"descriptionOrig":"MORAWA       0001P K2 13.11.    UM 18.54     VD/000001222"}', 1),
(54, '{"date":"2016-11-12","description":"THALIA       6670P K2 10.11.    UM 12.53     VD/000001221","value":-10.3,"descriptionOrig":"THALIA       6670P K2 10.11.    UM 12.53     VD/000001221"}', 1),
(55, '{"date":"2016-11-12","description":"MERKUR 1070  0737P K2 10.11.    UM 14.05     VD/000001220","value":-23.96,"descriptionOrig":"MERKUR 1070  0737P K2 10.11.    UM 14.05     VD/000001220"}', 1),
(56, '{"date":"2016-11-12","description":"A1 RECHNUNG       09/07  312    335185164465 OG/000001219|60000 00007501629 MOBILKOM AUSTRIA","value":-7.12,"descriptionOrig":"A1 RECHNUNG       09/07  312    335185164465 OG/000001219|60000 00007501629 MOBILKOM AUSTRIA"}', 1),
(57, '{"date":"2016-11-12","description":"easy weltkarte                  000000       MC/000001218","value":-781.43,"descriptionOrig":"easy weltkarte                  000000       MC/000001218"}', 1),
(58, STRINGDECODE('{\"date\":\"2016-11-09\",\"description\":\"Gutschrift \u00dcberweisung                       VD/000001217|Company AG                       20151 00670xxxxxx\",\"value\":922.45,\"descriptionOrig\":\"Gutschrift \u00dcberweisung                       VD/000001217|Company AG                       20151 00670xxxxxx\"}'), 1),
(59, '{"date":"2016-11-08","description":"Vorschreibung        11.2016    205000011107 OG/000001216|20111 28654698700 Meyer & Soehne","value":-674.56,"descriptionOrig":"Vorschreibung        11.2016    205000011107 OG/000001216|20111 28654698700 Meyer & Soehne"}', 1),
(60, '{"date":"2016-11-08","description":"Auszahlung Maestro                           MC/000001215|AUTOMAT  52305 KARTE2 08.11.UM 07.43","value":-100,"descriptionOrig":"Auszahlung Maestro                           MC/000001215|AUTOMAT  52305 KARTE2 08.11.UM 07.43"}', 1),
(61, '{"date":"2016-11-08","description":"PPL Theoriekurs, AFZ                         FE/000001214|20111 31006804555 Motorflug Union Wien|Belastungsnote vom 26.9.2016|00032","value":-1950,"descriptionOrig":"PPL Theoriekurs, AFZ                         FE/000001214|20111 31006804555 Motorflug Union Wien|Belastungsnote vom 26.9.2016|00032"}', 1),
(62, '{"date":"2016-11-05","description":"GEBUEHRENRECHNUNG    0001153    65007        OG/000001213|20151 00697908192 UPC - Wien","value":-19.98,"descriptionOrig":"GEBUEHRENRECHNUNG    0001153    65007        OG/000001213|20151 00697908192 UPC - Wien"}', 1),
(63, STRINGDECODE('{\"date\":\"2016-11-05\",\"description\":\"Abbuchung Lastschrift                        OG/000001212|ISTA \u00d6STERREICH GMBH                20151 00637149311\",\"value\":-46,\"descriptionOrig\":\"Abbuchung Lastschrift                        OG/000001212|ISTA \u00d6STERREICH GMBH                20151 00637149311\"}'), 1);     
INSERT INTO PUBLIC.ITEM(ID, VALUE, BELONGS_ID) VALUES
(64, STRINGDECODE('{\"date\":\"2016-11-05\",\"description\":\"Abbuchung Einzugserm\u00e4chtigung                OG/000001211|Standard Life Versicherung          19100 00058002000\",\"value\":-155.67,\"descriptionOrig\":\"Abbuchung Einzugserm\u00e4chtigung                OG/000001211|Standard Life Versicherung          19100 00058002000\"}'), 1),
(65, '{"date":"2016-11-05","description":"Kranken    01112007-01122007    608001332697 OG/000001210|20111 00001201387 UNIQA Personenversicherung AG","value":-14.48,"descriptionOrig":"Kranken    01112007-01122007    608001332697 OG/000001210|20111 00001201387 UNIQA Personenversicherung AG"}', 1),
(66, '{"date":"2016-11-05","description":"POL.3532774/0 FP 11/2007        353277409999 OG/000001209|53100 01155090037 DIE NIEDEROESTERREICHISCHE VERS","value":-17.83,"descriptionOrig":"POL.3532774/0 FP 11/2007        353277409999 OG/000001209|53100 01155090037 DIE NIEDEROESTERREICHISCHE VERS"}', 1),
(67, '{"date":"2016-11-05","description":"OEBB 1230    0630P K2 03.11.    UM 05.21     VD/000001208","value":-12.2,"descriptionOrig":"OEBB 1230    0630P K2 03.11.    UM 05.21     VD/000001208"}', 1),
(68, '{"date":"2016-11-05","description":"OEBB 1176    0698P K2 03.11.    UM 11.40     VD/000001207","value":-25.7,"descriptionOrig":"OEBB 1176    0698P K2 03.11.    UM 11.40     VD/000001207"}', 1),
(69, '{"date":"2016-11-05","description":"Auszahlung Maestro                           MC/000001206|BANKOMAT 36661 KARTE2 04.11.UM 19.28","value":-60,"descriptionOrig":"Auszahlung Maestro                           MC/000001206|BANKOMAT 36661 KARTE2 04.11.UM 19.28"}', 1),
(70, '{"date":"2016-11-05","description":"Auszahlung Maestro                           MC/000001205|AUTOMAT  52305 KARTE2 03.11.UM 18.51","value":-50,"descriptionOrig":"Auszahlung Maestro                           MC/000001205|AUTOMAT  52305 KARTE2 03.11.UM 18.51"}', 1),
(71, '{"date":"2016-11-02","description":"V.S.NR.  28145392:01.11.2016    10168631     OG/000001204|31000 00200597807 FinanceLife Lebensvers.AG","value":-70,"descriptionOrig":"V.S.NR.  28145392:01.11.2016    10168631     OG/000001204|31000 00200597807 FinanceLife Lebensvers.AG"}', 1),
(72, '{"date":"2016-11-02","description":"OEBB 1001    0272P K2 01.11.    UM 05.57     VD/000001203","value":-29.2,"descriptionOrig":"OEBB 1001    0272P K2 01.11.    UM 05.57     VD/000001203"}', 1),
(73, '{"date":"2016-11-02","description":"Auszahlung Maestro                           MC/000001202|BANKOMAT 28051 KARTE2 02.11.UM 09.14","value":-130,"descriptionOrig":"Auszahlung Maestro                           MC/000001202|BANKOMAT 28051 KARTE2 02.11.UM 09.14"}', 1),
(74, '{"date":"2016-11-02","description":"Bezahlung Maestro                            MC/000001201|WIENER LINIE 3018  K2 01.11.UM 05.46","value":-49.5,"descriptionOrig":"Bezahlung Maestro                            MC/000001201|WIENER LINIE 3018  K2 01.11.UM 05.46"}', 1),
(75, '{"date":"2016-10-30","description":"BUCHLANDUNG  0002P K2 29.10.    UM 18.37     VD/000001200","value":-22.25,"descriptionOrig":"BUCHLANDUNG  0002P K2 29.10.    UM 18.37     VD/000001200"}', 1),
(76, '{"date":"2016-10-29","description":"Auszahlung Maestro                           MC/000001199|BANKOMAT 05371 KARTE2 29.10.UM 18.39","value":-120,"descriptionOrig":"Auszahlung Maestro                           MC/000001199|BANKOMAT 05371 KARTE2 29.10.UM 18.39"}', 1),
(77, '{"date":"2016-10-29","description":"Miete                                        VD/000001198|11000 01210170520 Wirtschaftskammer /Fachorg./","value":110,"descriptionOrig":"Miete                                        VD/000001198|11000 01210170520 Wirtschaftskammer /Fachorg./"}', 1),
(78, '{"date":"2016-10-29","description":"GEHALT  10/07                                VD/000001197|20151 00670xxxxxx Company","value":2462.66,"descriptionOrig":"GEHALT  10/07                                VD/000001197|20151 00670xxxxxx Company"}', 1),
(79, '{"date":"2016-10-29","description":"SPAR DANKT   4813P K2 27.10.    UM 16.36     VD/000001196","value":-16.12,"descriptionOrig":"SPAR DANKT   4813P K2 27.10.    UM 16.36     VD/000001196"}', 1);          
INSERT INTO PUBLIC.ITEM(ID, VALUE, BELONGS_ID) VALUES
(80, '{"date":"2016-10-23","description":"LIBRO 1090   0968P K2 22.10.    UM 09.19     VD/000001195","value":-12.18,"descriptionOrig":"LIBRO 1090   0968P K2 22.10.    UM 09.19     VD/000001195"}', 1),
(81, '{"date":"2016-10-23","description":"Auszahlung Maestro                           MC/000001194|AUTOMAT  51145 KARTE2 23.10.UM 08.37","value":-100,"descriptionOrig":"Auszahlung Maestro                           MC/000001194|AUTOMAT  51145 KARTE2 23.10.UM 08.37"}', 1),
(82, '{"date":"2016-10-22","description":"SPAR DANKT   4813P K2 20.10.    UM 15.43     VD/000001193","value":-28.44,"descriptionOrig":"SPAR DANKT   4813P K2 20.10.    UM 15.43     VD/000001193"}', 1),
(83, '{"date":"2016-10-22","description":"Auszahlung Maestro                           MC/000001192|BANKOMAT 36661 KARTE2 20.10.UM 15.30","value":-40,"descriptionOrig":"Auszahlung Maestro                           MC/000001192|BANKOMAT 36661 KARTE2 20.10.UM 15.30"}', 1),
(84, '{"date":"2016-10-19","description":"Auszahlung Maestro                           MC/000001191|BANKOMAT 39821 KARTE2 19.10.UM 19.55","value":-70,"descriptionOrig":"Auszahlung Maestro                           MC/000001191|BANKOMAT 39821 KARTE2 19.10.UM 19.55"}', 1),
(85, '{"date":"2016-10-17","description":"Abbuchung Lastschrift                        OG/000001190|WIENSTROM GMBH                      20151 00696216001","value":-18,"descriptionOrig":"Abbuchung Lastschrift                        OG/000001190|WIENSTROM GMBH                      20151 00696216001"}', 1),
(86, '{"date":"2016-10-16","description":"SPAREINZUG                      20515009001  OG/000001189|34000 00000xxxxxx ING DIBA DIREKTBANK AUSTRIA","value":-200,"descriptionOrig":"SPAREINZUG                      20515009001  OG/000001189|34000 00000xxxxxx ING DIBA DIREKTBANK AUSTRIA"}', 1),
(87, '{"date":"2016-10-15","description":"MERKUR 1070  0737P K2 13.10.    UM 12.15     VD/000001188","value":-32.37,"descriptionOrig":"MERKUR 1070  0737P K2 13.10.    UM 12.15     VD/000001188"}', 1),
(88, '{"date":"2016-10-15","description":"Auszahlung Maestro                           MC/000001187|BANKOMAT 36661 KARTE2 13.10.UM 18.54","value":-70,"descriptionOrig":"Auszahlung Maestro                           MC/000001187|BANKOMAT 36661 KARTE2 13.10.UM 18.54"}', 1),
(89, '{"date":"2016-10-10","description":"A1 RECHNUNG       08/07  312    335185519308 OG/000001186|60000 00007501629 MOBILKOM AUSTRIA","value":-9.83,"descriptionOrig":"A1 RECHNUNG       08/07  312    335185519308 OG/000001186|60000 00007501629 MOBILKOM AUSTRIA"}', 1),
(90, '{"date":"2016-10-10","description":"Vorschreibung        10.2016    205000011007 OG/000001185|20111 28654698700 Meyer & Soehne","value":-674.56,"descriptionOrig":"Vorschreibung        10.2016    205000011007 OG/000001185|20111 28654698700 Meyer & Soehne"}', 1),
(91, '{"date":"2016-10-10","description":"easy weltkarte                  000000       MC/000001184","value":-29.84,"descriptionOrig":"easy weltkarte                  000000       MC/000001184"}', 1),
(92, '{"date":"2016-10-05","description":"Bezahlung Maestro                            MC/000001183|TRIUMPH      0553  K2 05.10.UM 17.28","value":-72,"descriptionOrig":"Bezahlung Maestro                            MC/000001183|TRIUMPH      0553  K2 05.10.UM 17.28"}', 1),
(93, '{"date":"2016-10-05","description":"Auszahlung Maestro                           MC/000001182|AUTOMAT  52305 KARTE2 05.10.UM 17.10","value":-50,"descriptionOrig":"Auszahlung Maestro                           MC/000001182|AUTOMAT  52305 KARTE2 05.10.UM 17.10"}', 1),
(94, '{"date":"2016-10-04","description":"Auszahlung Maestro                           MC/000001181|BANKOMAT 03991 KARTE2 04.10.UM 19.34","value":-90,"descriptionOrig":"Auszahlung Maestro                           MC/000001181|BANKOMAT 03991 KARTE2 04.10.UM 19.34"}', 1),
(95, '{"date":"2016-10-04","description":"GEBUEHRENRECHNUNG    0001148    96777        OG/000001180|20151 00697908192 UPC - Wien","value":-19.98,"descriptionOrig":"GEBUEHRENRECHNUNG    0001148    96777        OG/000001180|20151 00697908192 UPC - Wien"}', 1);   
INSERT INTO PUBLIC.ITEM(ID, VALUE, BELONGS_ID) VALUES
(96, '{"date":"2016-10-04","description":"Auszahlung Maestro                           MC/000001179|BANKOMAT 01491 KARTE2 03.10.UM 21.43","value":-100,"descriptionOrig":"Auszahlung Maestro                           MC/000001179|BANKOMAT 01491 KARTE2 03.10.UM 21.43"}', 1),
(97, STRINGDECODE('{\"date\":\"2016-10-02\",\"description\":\"Abbuchung Einzugserm\u00e4chtigung                OG/000001178|Standard Life Versicherung          19100 00058002000\",\"value\":-155.67,\"descriptionOrig\":\"Abbuchung Einzugserm\u00e4chtigung                OG/000001178|Standard Life Versicherung          19100 00058002000\"}'), 1),
(98, STRINGDECODE('{\"date\":\"2016-10-02\",\"description\":\"Abbuchung Lastschrift                        OG/000001177|ISTA \u00d6STERREICH GMBH                20151 00637149311\",\"value\":-46,\"descriptionOrig\":\"Abbuchung Lastschrift                        OG/000001177|ISTA \u00d6STERREICH GMBH                20151 00637149311\"}'), 1),
(99, '{"date":"2016-10-02","description":"Kranken    01102007-01112007    608001332697 OG/000001176|20111 00001201387 UNIQA Personenversicherung AG","value":-14.48,"descriptionOrig":"Kranken    01102007-01112007    608001332697 OG/000001176|20111 00001201387 UNIQA Personenversicherung AG"}', 1),
(100, '{"date":"2016-10-02","description":"POL.3532774/0 FP 10/2007        353277409999 OG/000001175|53100 01155090037 DIE NIEDEROESTERREICHISCHE VERS","value":-17.83,"descriptionOrig":"POL.3532774/0 FP 10/2007        353277409999 OG/000001175|53100 01155090037 DIE NIEDEROESTERREICHISCHE VERS"}', 1),
(101, '{"date":"2016-10-02","description":"Auszahlung Maestro                           MC/000001174|BANKOMAT 29561 KARTE2 01.10.UM 21.58","value":-50,"descriptionOrig":"Auszahlung Maestro                           MC/000001174|BANKOMAT 29561 KARTE2 01.10.UM 21.58"}', 1),
(102, '{"date":"2016-10-01","description":"V.S.NR.  28145392:01.10.2016    10168631     OG/000001173|31000 00200597807 FinanceLife Lebensvers.AG","value":-70,"descriptionOrig":"V.S.NR.  28145392:01.10.2016    10168631     OG/000001173|31000 00200597807 FinanceLife Lebensvers.AG"}', 1),
(103, '{"date":"2016-10-01","description":"Miete                                        VD/000001172|11000 01210170520 Wirtschaftskammer /Fachorg./","value":110,"descriptionOrig":"Miete                                        VD/000001172|11000 01210170520 Wirtschaftskammer /Fachorg./"}', 1),
(104, '{"date":"2016-10-01","description":"SHELL 2013   2146P K2 30.09.    UM 14.11     VD/000001171","value":-13.02,"descriptionOrig":"SHELL 2013   2146P K2 30.09.    UM 14.11     VD/000001171"}', 1),
(105, '{"date":"2016-10-01","description":"Auszahlung Maestro                           MC/000001170|BANKOMAT 23981 KARTE2 01.10.UM 08.48","value":-100,"descriptionOrig":"Auszahlung Maestro                           MC/000001170|BANKOMAT 23981 KARTE2 01.10.UM 08.48"}', 1),
(106, STRINGDECODE('{\"date\":\"2016-10-01\",\"description\":\"                                             BG/000001169|Verg\u00fctung f\u00fcr Kontof\u00fchrung\",\"value\":12.9,\"descriptionOrig\":\"                                             BG/000001169|Verg\u00fctung f\u00fcr Kontof\u00fchrung\"}'), 1),
(107, STRINGDECODE('{\"date\":\"2016-10-01\",\"description\":\"                                             BG/000001168|Entgelt f\u00fcr Kontof\u00fchrung\",\"value\":-12.9,\"descriptionOrig\":\"                                             BG/000001168|Entgelt f\u00fcr Kontof\u00fchrung\"}'), 1),
(108, '{"date":"2016-10-01","description":"Einbehaltene KESt                            BG/000001167","value":-5.72,"descriptionOrig":"Einbehaltene KESt                            BG/000001167"}', 1),
(109, '{"date":"2016-10-01","description":"Zinsen HABEN                                 BG/000001166","value":22.89,"descriptionOrig":"Zinsen HABEN                                 BG/000001166"}', 1),
(110, '{"date":"2016-09-28","description":"Bezahlung Maestro                            MC/000001165|HUBER 2020   0018  K2 28.09.UM 17.24","value":-54.8,"descriptionOrig":"Bezahlung Maestro                            MC/000001165|HUBER 2020   0018  K2 28.09.UM 17.24"}', 1);     
INSERT INTO PUBLIC.ITEM(ID, VALUE, BELONGS_ID) VALUES
(111, '{"date":"2016-09-28","description":"Bezahlung Maestro                            MC/000001164|HUMANIC 2020 0037  K2 28.09.UM 17.07","value":-122.9,"descriptionOrig":"Bezahlung Maestro                            MC/000001164|HUMANIC 2020 0037  K2 28.09.UM 17.07"}', 1),
(112, '{"date":"2016-09-28","description":"Bezahlung Maestro                            MC/000001163|SCHNEIDER    0002  K2 28.09.UM 16.54","value":-454.45,"descriptionOrig":"Bezahlung Maestro                            MC/000001163|SCHNEIDER    0002  K2 28.09.UM 16.54"}', 1),
(113, '{"date":"2016-09-28","description":"LEDER SCHEFF 0205P K2 27.09.    UM 18.12     VD/000001162","value":-14.9,"descriptionOrig":"LEDER SCHEFF 0205P K2 27.09.    UM 18.12     VD/000001162"}', 1),
(114, '{"date":"2016-09-27","description":"Bezahlung Maestro                            MC/000001161|POD CENTER   0001  K2 27.09.UM 18.31","value":-54.9,"descriptionOrig":"Bezahlung Maestro                            MC/000001161|POD CENTER   0001  K2 27.09.UM 18.31"}', 1),
(115, '{"date":"2016-09-27","description":"Bezahlung Maestro                            MC/000001160|PULTAR       0001  K2 27.09.UM 07.15","value":-65,"descriptionOrig":"Bezahlung Maestro                            MC/000001160|PULTAR       0001  K2 27.09.UM 07.15"}', 1),
(116, '{"date":"2016-09-25","description":"GEHALT  9/07                                 VD/000001159|20151 00670xxxxxx Company","value":2462.66,"descriptionOrig":"GEHALT  9/07                                 VD/000001159|20151 00670xxxxxx Company"}', 1),
(117, '{"date":"2016-09-24","description":"Bezahlung Maestro                            MC/000001158|BILLA 1020   0281  K2 23.09.UM 12.23","value":-53.08,"descriptionOrig":"Bezahlung Maestro                            MC/000001158|BILLA 1020   0281  K2 23.09.UM 12.23"}', 1),
(118, '{"date":"2016-09-19","description":"DE    15,90 MAESTRO POS 14.0    9.07 17.16K2 VD/000001157","value":-15.9,"descriptionOrig":"DE    15,90 MAESTRO POS 14.0    9.07 17.16K2 VD/000001157"}', 1),
(119, '{"date":"2016-09-18","description":"SPAREINZUG                      20515009001  OG/000001156|34000 00000xxxxxx ING DIBA DIREKTBANK AUSTRIA","value":-200,"descriptionOrig":"SPAREINZUG                      20515009001  OG/000001156|34000 00000xxxxxx ING DIBA DIREKTBANK AUSTRIA"}', 1),
(120, '{"date":"2016-09-18","description":"Abbuchung Lastschrift                        OG/000001155|WIENSTROM GMBH                      20151 00696216001","value":-18,"descriptionOrig":"Abbuchung Lastschrift                        OG/000001155|WIENSTROM GMBH                      20151 00696216001"}', 1),
(121, '{"date":"2016-09-17","description":"EYBL 1150    0808N K2 14.09.    UM 16.27     OG/000001154|15130 00281244772","value":-19.99,"descriptionOrig":"EYBL 1150    0808N K2 14.09.    UM 16.27     OG/000001154|15130 00281244772"}', 1),
(122, '{"date":"2016-09-17","description":"FIELMANN     0008P K2 14.09.    UM 16.57     VD/000001153","value":-19.77,"descriptionOrig":"FIELMANN     0008P K2 14.09.    UM 16.57     VD/000001153"}', 1),
(123, '{"date":"2016-09-17","description":"SPORTEXPERTS 0505P K2 14.09.    UM 17.29     VD/000001152","value":-29.99,"descriptionOrig":"SPORTEXPERTS 0505P K2 14.09.    UM 17.29     VD/000001152"}', 1),
(124, '{"date":"2016-09-17","description":"Auszahlung Maestro                           MC/000001151|BANKOMAT 01491 KARTE2 14.09.UM 22.56","value":-250,"descriptionOrig":"Auszahlung Maestro                           MC/000001151|BANKOMAT 01491 KARTE2 14.09.UM 22.56"}', 1),
(125, '{"date":"2016-09-13","description":"Auszahlung Maestro                           MC/000001150|AUTOMAT  52305 KARTE2 13.09.UM 08.33","value":-50,"descriptionOrig":"Auszahlung Maestro                           MC/000001150|AUTOMAT  52305 KARTE2 13.09.UM 08.33"}', 1),
(126, '{"date":"2016-09-12","description":"GBP      10 BAR70911K + 1,93     709101358K2 VD/000001149|Bankomat Ausland GBP      10|am 070910/13.58  KARTE2|SPESEN: 1,93  KURS: 0,678016  VOM: 11.09.2016","value":-16.68,"descriptionOrig":"GBP      10 BAR70911K + 1,93     709101358K2 VD/000001149|Bankomat Ausland GBP      10|am 070910/13.58  KARTE2|SPESEN: 1,93  KURS: 0,678016  VOM: 11.09.2016"}', 1);            
INSERT INTO PUBLIC.ITEM(ID, VALUE, BELONGS_ID) VALUES
(127, '{"date":"2016-09-11","description":"GB    75,86 MAESTRO ATM 08.0    9.07 09.07K2 VD/000001148|Bankomat Ausland GB    75,86|AM 08.09.16 09.07  KARTE2|Heathrow Airport (20) London","value":-75.86,"descriptionOrig":"GB    75,86 MAESTRO ATM 08.0    9.07 09.07K2 VD/000001148|Bankomat Ausland GB    75,86|AM 08.09.16 09.07  KARTE2|Heathrow Airport (20) London"}', 1),
(128, '{"date":"2016-09-11","description":"GBP      70 BAR70910K + 2,60     709090847K2 VD/000001147|Bankomat Ausland GBP      70|am 070909/08.47  KARTE2|SPESEN: 2,6  KURS: 0,677016  VOM: 10.09.2016","value":-105.99,"descriptionOrig":"GBP      70 BAR70910K + 2,60     709090847K2 VD/000001147|Bankomat Ausland GBP      70|am 070909/08.47  KARTE2|SPESEN: 2,6  KURS: 0,677016  VOM: 10.09.2016"}', 1),
(129, '{"date":"2016-09-10","description":"DF HAUPTSHOP 0021P K2 08.09.    UM 06.01     VD/000001146","value":-7.5,"descriptionOrig":"DF HAUPTSHOP 0021P K2 08.09.    UM 06.01     VD/000001146"}', 1),
(130, '{"date":"2016-09-10","description":"SPAR DANKT   4813P K2 07.09.    UM 17.42     VD/000001145","value":-10.34,"descriptionOrig":"SPAR DANKT   4813P K2 07.09.    UM 17.42     VD/000001145"}', 1),
(131, '{"date":"2016-09-10","description":"A1 RECHNUNG       07/07  312    335185940852 OG/000001144|60000 00007501629 MOBILKOM AUSTRIA","value":-7.48,"descriptionOrig":"A1 RECHNUNG       07/07  312    335185940852 OG/000001144|60000 00007501629 MOBILKOM AUSTRIA"}', 1),
(132, '{"date":"2016-09-06","description":"GEBUEHRENRECHNUNG    0001144    54796        OG/000001143|20151 00697908192 UPC - Wien","value":-19.98,"descriptionOrig":"GEBUEHRENRECHNUNG    0001144    54796        OG/000001143|20151 00697908192 UPC - Wien"}', 1),
(133, '{"date":"2016-09-06","description":"SPAR DANKT   4802P K2 05.09.    UM 19.31     VD/000001142","value":-7.73,"descriptionOrig":"SPAR DANKT   4802P K2 05.09.    UM 19.31     VD/000001142"}', 1),
(134, '{"date":"2016-09-06","description":"Vorschreibung        09.2016    205000010907 OG/000001141|20111 28654698700 Meyer & Soehne","value":-674.56,"descriptionOrig":"Vorschreibung        09.2016    205000010907 OG/000001141|20111 28654698700 Meyer & Soehne"}', 1),
(135, STRINGDECODE('{\"date\":\"2016-09-04\",\"description\":\"Abbuchung Lastschrift                        OG/000001140|ISTA \u00d6STERREICH GMBH                20151 00637149311\",\"value\":-46,\"descriptionOrig\":\"Abbuchung Lastschrift                        OG/000001140|ISTA \u00d6STERREICH GMBH                20151 00637149311\"}'), 1),
(136, '{"date":"2016-09-04","description":"Kranken    01092007-01102007    608001332697 OG/000001139|20111 00001201387 UNIQA Personenversicherung AG","value":-14.48,"descriptionOrig":"Kranken    01092007-01102007    608001332697 OG/000001139|20111 00001201387 UNIQA Personenversicherung AG"}', 1),
(137, STRINGDECODE('{\"date\":\"2016-09-04\",\"description\":\"Abbuchung Einzugserm\u00e4chtigung                OG/000001138|Standard Life Versicherung          19100 00058002000\",\"value\":-155.67,\"descriptionOrig\":\"Abbuchung Einzugserm\u00e4chtigung                OG/000001138|Standard Life Versicherung          19100 00058002000\"}'), 1),
(138, '{"date":"2016-09-04","description":"POL.3532774/0 FP 09/2007        353277409999 OG/000001137|53100 01155090037 DIE NIEDEROESTERREICHISCHE VERS","value":-17.83,"descriptionOrig":"POL.3532774/0 FP 09/2007        353277409999 OG/000001137|53100 01155090037 DIE NIEDEROESTERREICHISCHE VERS"}', 1),
(139, '{"date":"2016-09-03","description":"V.S.NR.  28145392:01.09.2016    10168631     OG/000001136|31000 00200597807 FinanceLife Lebensvers.AG","value":-70,"descriptionOrig":"V.S.NR.  28145392:01.09.2016    10168631     OG/000001136|31000 00200597807 FinanceLife Lebensvers.AG"}', 1),
(140, '{"date":"2016-09-03","description":"AGIP 2100    8006P K2 02.09.    UM 11.43     VD/000001135","value":-13,"descriptionOrig":"AGIP 2100    8006P K2 02.09.    UM 11.43     VD/000001135"}', 1),
(141, '{"date":"2016-09-03","description":"Bezahlung Maestro                            MC/000001134|WIENER LINIE 1007  K2 02.09.UM 21.02","value":-49.5,"descriptionOrig":"Bezahlung Maestro                            MC/000001134|WIENER LINIE 1007  K2 02.09.UM 21.02"}', 1);       
INSERT INTO PUBLIC.ITEM(ID, VALUE, BELONGS_ID) VALUES
(142, '{"date":"2016-09-03","description":"Auszahlung Maestro                           MC/000001133|AUTOMAT  51115 KARTE2 02.09.UM 20.53","value":-100,"descriptionOrig":"Auszahlung Maestro                           MC/000001133|AUTOMAT  51115 KARTE2 02.09.UM 20.53"}', 1),
(143, '{"date":"2016-09-03","description":"Auszahlung Maestro                           MC/000001132|AUTOMAT  52305 KARTE2 01.09.UM 14.18","value":-100,"descriptionOrig":"Auszahlung Maestro                           MC/000001132|AUTOMAT  52305 KARTE2 01.09.UM 14.18"}', 1),
(144, '{"date":"2016-08-29","description":"Miete                                        VD/000001131|11000 01210170520 Wirtschaftskammer /Fachorg./","value":110,"descriptionOrig":"Miete                                        VD/000001131|11000 01210170520 Wirtschaftskammer /Fachorg./"}', 1),
(145, '{"date":"2016-08-28","description":"GEHALT  8/07                                 VD/000001130|20151 00670xxxxxx Company","value":2462.66,"descriptionOrig":"GEHALT  8/07                                 VD/000001130|20151 00670xxxxxx Company"}', 1),
(146, '{"date":"2016-08-27","description":"SPAR DANKT   4813P K2 25.08.    UM 11.03     VD/000001129","value":-41.57,"descriptionOrig":"SPAR DANKT   4813P K2 25.08.    UM 11.03     VD/000001129"}', 1),
(147, '{"date":"2016-08-23","description":"HUF  18.445,00/70822K + 1,63     708191349K2 VD/000001128","value":-73.12,"descriptionOrig":"HUF  18.445,00/70822K + 1,63     708191349K2 VD/000001128"}', 1),
(148, '{"date":"2016-08-23","description":"HUF   4.000 BAR70822K + 1,94     708201100K2 VD/000001127|Bankomat Ausland HUF   4.000|am 070820/11.00  KARTE2|SPESEN: 1,94  KURS: 258,006  VOM: 22.08.2016","value":-17.44,"descriptionOrig":"HUF   4.000 BAR70822K + 1,94     708201100K2 VD/000001127|Bankomat Ausland HUF   4.000|am 070820/11.00  KARTE2|SPESEN: 1,94  KURS: 258,006  VOM: 22.08.2016"}', 1),
(149, '{"date":"2016-08-23","description":"HUF     230,00/70822K + 1,10     708201105K2 VD/000001126","value":-1.99,"descriptionOrig":"HUF     230,00/70822K + 1,10     708201105K2 VD/000001126"}', 1),
(150, '{"date":"2016-08-22","description":"SPAR DANKT   4812P K2 21.08.    UM 08.09     VD/000001125","value":-4.58,"descriptionOrig":"SPAR DANKT   4812P K2 21.08.    UM 08.09     VD/000001125"}', 1),
(151, '{"date":"2016-08-20","description":"SPAR DANKT   4171P K2 18.08.    UM 08.49     VD/000001124","value":-7.42,"descriptionOrig":"SPAR DANKT   4171P K2 18.08.    UM 08.49     VD/000001124"}', 1),
(152, '{"date":"2016-08-17","description":"SPAREINZUG                      20515009001  OG/000001123|34000 00000xxxxxx ING DIBA DIREKTBANK AUSTRIA","value":-200,"descriptionOrig":"SPAREINZUG                      20515009001  OG/000001123|34000 00000xxxxxx ING DIBA DIREKTBANK AUSTRIA"}', 1),
(153, '{"date":"2016-08-09","description":"Barauszahlung                                BG/000001122","value":-1000,"descriptionOrig":"Barauszahlung                                BG/000001122"}', 1),
(154, '{"date":"2016-08-09","description":"A1 RECHNUNG       06/07  312    335185427963 OG/000001121|60000 00007501629 MOBILKOM AUSTRIA","value":-12.43,"descriptionOrig":"A1 RECHNUNG       06/07  312    335185427963 OG/000001121|60000 00007501629 MOBILKOM AUSTRIA"}', 1),
(155, '{"date":"2016-08-08","description":"DE    50,00 MAESTRO ATM 04.0    8.07 00.07K2 VD/000001120|Bankomat Ausland DE    50,00|AM 04.08.16 00.07  KARTE2|D-TITTLING TITTLING 61118","value":-50,"descriptionOrig":"DE    50,00 MAESTRO ATM 04.0    8.07 00.07K2 VD/000001120|Bankomat Ausland DE    50,00|AM 04.08.16 00.07  KARTE2|D-TITTLING TITTLING 61118"}', 1),
(156, '{"date":"2016-08-07","description":"Vorschreibung        08.2016    205000010807 OG/000001119|20111 28654698700 Meyer & Soehne","value":-674.56,"descriptionOrig":"Vorschreibung        08.2016    205000010807 OG/000001119|20111 28654698700 Meyer & Soehne"}', 1),
(157, '{"date":"2016-08-07","description":"Auszahlung Maestro                           MC/000001118|AUTOMAT  13827 KARTE2 07.08.UM 08.57","value":-100,"descriptionOrig":"Auszahlung Maestro                           MC/000001118|AUTOMAT  13827 KARTE2 07.08.UM 08.57"}', 1);
INSERT INTO PUBLIC.ITEM(ID, VALUE, BELONGS_ID) VALUES
(158, '{"date":"2016-08-07","description":"Segeln Zadar                                 FE/000001117|20111 31036xxxxxx N.N.","value":-569,"descriptionOrig":"Segeln Zadar                                 FE/000001117|20111 31036xxxxxx N.N."}', 1),
(159, '{"date":"2016-08-06","description":"EYBL 1150    0808N K2 09.07.    UM 18.41     OG/000001116|15130 00281244772","value":-39.99,"descriptionOrig":"EYBL 1150    0808N K2 09.07.    UM 18.41     OG/000001116|15130 00281244772"}', 1),
(160, '{"date":"2016-08-06","description":"DE    50,00 MAESTRO ATM 02.0    8.07 19.55K2 VD/000001115|Bankomat Ausland DE    50,00|AM 02.08.16 19.55  KARTE2|DZ BANK TITTLING 94113","value":-50,"descriptionOrig":"DE    50,00 MAESTRO ATM 02.0    8.07 19.55K2 VD/000001115|Bankomat Ausland DE    50,00|AM 02.08.16 19.55  KARTE2|DZ BANK TITTLING 94113"}', 1),
(161, '{"date":"2016-08-06","description":"Bezahlung Maestro                            MC/000001114|WIENER LINIE 6009  K2 06.08.UM 06.49","value":-49.5,"descriptionOrig":"Bezahlung Maestro                            MC/000001114|WIENER LINIE 6009  K2 06.08.UM 06.49"}', 1),
(162, '{"date":"2016-08-03","description":"GEBUEHRENRECHNUNG    0001140    29768        OG/000001113|20151 00697908192 UPC - Wien","value":-19.98,"descriptionOrig":"GEBUEHRENRECHNUNG    0001140    29768        OG/000001113|20151 00697908192 UPC - Wien"}', 1),
(163, STRINGDECODE('{\"date\":\"2016-08-03\",\"description\":\"Abbuchung Lastschrift                        OG/000001112|ISTA \u00d6STERREICH GMBH                20151 00637149311\",\"value\":-46,\"descriptionOrig\":\"Abbuchung Lastschrift                        OG/000001112|ISTA \u00d6STERREICH GMBH                20151 00637149311\"}'), 1),
(164, '{"date":"2016-08-03","description":"Kranken    01082007-01092007    608001332697 OG/000001111|20111 00001201387 UNIQA Personenversicherung AG","value":-14.48,"descriptionOrig":"Kranken    01082007-01092007    608001332697 OG/000001111|20111 00001201387 UNIQA Personenversicherung AG"}', 1),
(165, '{"date":"2016-08-02","description":"POL.3532774/0 FP 08/2007        353277409999 OG/000001110|53100 01155090037 DIE NIEDEROESTERREICHISCHE VERS","value":-17.83,"descriptionOrig":"POL.3532774/0 FP 08/2007        353277409999 OG/000001110|53100 01155090037 DIE NIEDEROESTERREICHISCHE VERS"}', 1),
(166, STRINGDECODE('{\"date\":\"2016-08-02\",\"description\":\"Abbuchung Einzugserm\u00e4chtigung                OG/000001109|Standard Life Versicherung          19100 00058002000\",\"value\":-155.67,\"descriptionOrig\":\"Abbuchung Einzugserm\u00e4chtigung                OG/000001109|Standard Life Versicherung          19100 00058002000\"}'), 1),
(167, '{"date":"2016-08-01","description":"V.S.NR.  28145392:01.08.2016    10168631     OG/000001108|31000 00200597807 FinanceLife Lebensvers.AG","value":-70,"descriptionOrig":"V.S.NR.  28145392:01.08.2016    10168631     OG/000001108|31000 00200597807 FinanceLife Lebensvers.AG"}', 1),
(168, '{"date":"2016-08-01","description":"DE   200,00 MAESTRO ATM 28.0    7.07 14.54K2 VD/000001107|Bankomat Ausland DE   200,00|AM 28.07.16 14.54  KARTE2|DZ BANK TITTLING 94113","value":-200,"descriptionOrig":"DE   200,00 MAESTRO ATM 28.0    7.07 14.54K2 VD/000001107|Bankomat Ausland DE   200,00|AM 28.07.16 14.54  KARTE2|DZ BANK TITTLING 94113"}', 1),
(169, '{"date":"2016-07-30","description":"Miete                                        VD/000001106|11000 01210170520 Wirtschaftskammer /Fachorg./","value":110,"descriptionOrig":"Miete                                        VD/000001106|11000 01210170520 Wirtschaftskammer /Fachorg./"}', 1),
(170, '{"date":"2016-07-27","description":"AGIP 1090    5054P K2 26.07.    UM 17.55     VD/000001105","value":-13.59,"descriptionOrig":"AGIP 1090    5054P K2 26.07.    UM 17.55     VD/000001105"}', 1),
(171, '{"date":"2016-07-27","description":"GEHALT  7/07                                 VD/000001104|20151 00670xxxxxx Company","value":2575.13,"descriptionOrig":"GEHALT  7/07                                 VD/000001104|20151 00670xxxxxx Company"}', 1);             
INSERT INTO PUBLIC.ITEM(ID, VALUE, BELONGS_ID) VALUES
(172, '{"date":"2016-07-26","description":"Bezahlung Maestro                            MC/000001103|MIDAS        0001  K2 26.07.UM 17.09","value":-79.8,"descriptionOrig":"Bezahlung Maestro                            MC/000001103|MIDAS        0001  K2 26.07.UM 17.09"}', 1),
(173, '{"date":"2016-07-25","description":"SPAR DANKT   4813P K2 24.07.    UM 07.34     VD/000001102","value":-3.94,"descriptionOrig":"SPAR DANKT   4813P K2 24.07.    UM 07.34     VD/000001102"}', 1),
(174, '{"date":"2016-07-24","description":"Auszahlung Maestro                           MC/000001101|AUTOMAT  52305 KARTE2 24.07.UM 08.19","value":-50,"descriptionOrig":"Auszahlung Maestro                           MC/000001101|AUTOMAT  52305 KARTE2 24.07.UM 08.19"}', 1),
(175, '{"date":"2016-07-24","description":"Bezahlung Maestro                            MC/000001100|PULTAR       0001  K2 24.07.UM 07.28","value":-124,"descriptionOrig":"Bezahlung Maestro                            MC/000001100|PULTAR       0001  K2 24.07.UM 07.28"}', 1),
(176, '{"date":"2016-07-23","description":"BP 9112      1129P K2 21.07.    UM 14.45     VD/000001099","value":-13.92,"descriptionOrig":"BP 9112      1129P K2 21.07.    UM 14.45     VD/000001099"}', 1),
(177, '{"date":"2016-07-23","description":"ROSENBERGER  9100P K2 21.07.    UM 14.14     VD/000001098","value":-11.2,"descriptionOrig":"ROSENBERGER  9100P K2 21.07.    UM 14.14     VD/000001098"}', 1),
(178, '{"date":"2016-07-23","description":"OEBB 2662    0245P K2 22.07.    UM 13.38     VD/000001097","value":-4.2,"descriptionOrig":"OEBB 2662    0245P K2 22.07.    UM 13.38     VD/000001097"}', 1),
(179, '{"date":"2016-07-20","description":"BP 8200      2002P K2 19.07.    UM 08.16     VD/000001096","value":-15.81,"descriptionOrig":"BP 8200      2002P K2 19.07.    UM 08.16     VD/000001096"}', 1),
(180, '{"date":"2016-07-20","description":"AUTOGRILL    0213P K2 19.07.    UM 08.25     VD/000001095","value":-7.5,"descriptionOrig":"AUTOGRILL    0213P K2 19.07.    UM 08.25     VD/000001095"}', 1),
(181, '{"date":"2016-07-20","description":"ARRIVA 9900  3021P K2 19.07.    UM 14.39     VD/000001094","value":-12.99,"descriptionOrig":"ARRIVA 9900  3021P K2 19.07.    UM 14.39     VD/000001094"}', 1),
(182, STRINGDECODE('{\"date\":\"2016-07-19\",\"description\":\"Gutschrift \u00dcberweisung                       VD/000001093|Company GMBH                     20151 00670xxxxxx\",\"value\":108,\"descriptionOrig\":\"Gutschrift \u00dcberweisung                       VD/000001093|Company GMBH                     20151 00670xxxxxx\"}'), 1),
(183, '{"date":"2016-07-17","description":"ERSTEINZAHLUNG                  20515009001  OG/000001092|34000 00000xxxxxx ING DIBA DIREKTBANK AUSTRIA","value":-6000,"descriptionOrig":"ERSTEINZAHLUNG                  20515009001  OG/000001092|34000 00000xxxxxx ING DIBA DIREKTBANK AUSTRIA"}', 1),
(184, '{"date":"2016-07-17","description":"Abbuchung Lastschrift                        OG/000001091|WIENSTROM GMBH                      20151 00696216001","value":-68.53,"descriptionOrig":"Abbuchung Lastschrift                        OG/000001091|WIENSTROM GMBH                      20151 00696216001"}', 1),
(185, STRINGDECODE('{\"date\":\"2016-07-17\",\"description\":\"Abbuchung Lastschrift                        OG/000001090|ISTA \u00d6STERREICH GMBH                20151 00637149311\",\"value\":-85.15,\"descriptionOrig\":\"Abbuchung Lastschrift                        OG/000001090|ISTA \u00d6STERREICH GMBH                20151 00637149311\"}'), 1),
(186, '{"date":"2016-07-16","description":"SHELL 2013   2146P K2 13.07.    UM 19.48     VD/000001089","value":-13.18,"descriptionOrig":"SHELL 2013   2146P K2 13.07.    UM 19.48     VD/000001089"}', 1),
(187, '{"date":"2016-07-16","description":"Z.HL.FLORIAN 0001P K2 14.07.    UM 10.30     VD/000001088","value":-21,"descriptionOrig":"Z.HL.FLORIAN 0001P K2 14.07.    UM 10.30     VD/000001088"}', 1),
(188, '{"date":"2016-07-16","description":"LANDZEIT     0001P K2 14.07.    UM 14.16     VD/000001087","value":-10.8,"descriptionOrig":"LANDZEIT     0001P K2 14.07.    UM 14.16     VD/000001087"}', 1);
INSERT INTO PUBLIC.ITEM(ID, VALUE, BELONGS_ID) VALUES
(189, '{"date":"2016-07-16","description":"SPAR DANKT   4813P K2 14.07.    UM 10.41     VD/000001086","value":-5.55,"descriptionOrig":"SPAR DANKT   4813P K2 14.07.    UM 10.41     VD/000001086"}', 1),
(190, '{"date":"2016-07-16","description":"Bezahlung Maestro                            MC/000001085|LANDZEIT     0001  K2 14.07.UM 13.51","value":-11.6,"descriptionOrig":"Bezahlung Maestro                            MC/000001085|LANDZEIT     0001  K2 14.07.UM 13.51"}', 1),
(191, '{"date":"2016-07-16","description":"Auszahlung Maestro                           MC/000001084|BANKOMAT 36661 KARTE2 14.07.UM 10.43","value":-50,"descriptionOrig":"Auszahlung Maestro                           MC/000001084|BANKOMAT 36661 KARTE2 14.07.UM 10.43"}', 1),
(192, '{"date":"2016-07-13","description":"Auszahlung Maestro                           MC/000001083|BANKOMAT 02791 KARTE2 13.07.UM 15.34","value":-300,"descriptionOrig":"Auszahlung Maestro                           MC/000001083|BANKOMAT 02791 KARTE2 13.07.UM 15.34"}', 1),
(193, '{"date":"2016-07-13","description":"A1 RECHNUNG       05/07  312    335185904718 OG/000001082|60000 00007501629 MOBILKOM AUSTRIA","value":-7.4,"descriptionOrig":"A1 RECHNUNG       05/07  312    335185904718 OG/000001082|60000 00007501629 MOBILKOM AUSTRIA"}', 1),
(194, '{"date":"2016-07-12","description":"Auszahlung Maestro                           MC/000001081|AUTOMAT  52305 KARTE2 12.07.UM 21.06","value":-100,"descriptionOrig":"Auszahlung Maestro                           MC/000001081|AUTOMAT  52305 KARTE2 12.07.UM 21.06"}', 1),
(195, STRINGDECODE('{\"date\":\"2016-07-12\",\"description\":\"Gutschrift \u00dcberweisung                       VD/000001080|Company GMBH                     20151 00670xxxxxx\",\"value\":129.24,\"descriptionOrig\":\"Gutschrift \u00dcberweisung                       VD/000001080|Company GMBH                     20151 00670xxxxxx\"}'), 1),
(196, '{"date":"2016-07-11","description":"Auszahlung Maestro                           MC/000001079|AUTOMAT  14267 KARTE2 11.07.UM 20.27","value":-100,"descriptionOrig":"Auszahlung Maestro                           MC/000001079|AUTOMAT  14267 KARTE2 11.07.UM 20.27"}', 1),
(197, '{"date":"2016-07-10","description":"Auszahlung Maestro                           MC/000001078|AUTOMAT  10727 KARTE2 10.07.UM 18.20","value":-100,"descriptionOrig":"Auszahlung Maestro                           MC/000001078|AUTOMAT  10727 KARTE2 10.07.UM 18.20"}', 1),
(198, '{"date":"2016-07-10","description":"easy weltkarte                  000000200706 MC/000001077","value":-140.22,"descriptionOrig":"easy weltkarte                  000000200706 MC/000001077"}', 1),
(199, '{"date":"2016-07-09","description":"SPAR DANKT   4813P K2 07.07.    UM 12.04     VD/000001076","value":-26.9,"descriptionOrig":"SPAR DANKT   4813P K2 07.07.    UM 12.04     VD/000001076"}', 1),
(200, '{"date":"2016-07-09","description":"Vorschreibung        07.2016    205000010707 OG/000001075|20111 28654698700 Meyer & Soehne","value":-515.83,"descriptionOrig":"Vorschreibung        07.2016    205000010707 OG/000001075|20111 28654698700 Meyer & Soehne"}', 1),
(201, STRINGDECODE('{\"date\":\"2016-07-09\",\"description\":\"Mitgliedsbeitrag 2007           076106012270 FE/000001074|36000 10600505404 Setikion \u00d6sterr. Gebirgsverein\",\"value\":-51,\"descriptionOrig\":\"Mitgliedsbeitrag 2007           076106012270 FE/000001074|36000 10600505404 Setikion \u00d6sterr. Gebirgsverein\"}'), 1),
(202, '{"date":"2016-07-09","description":"Auszahlung Maestro                           MC/000001073|BANKOMAT 11201 KARTE2 07.07.UM 20.00","value":-80,"descriptionOrig":"Auszahlung Maestro                           MC/000001073|BANKOMAT 11201 KARTE2 07.07.UM 20.00"}', 1),
(203, STRINGDECODE('{\"date\":\"2016-07-03\",\"description\":\"Abbuchung Einzugserm\u00e4chtigung                OG/000001072|Standard Life Versicherung          19100 00058002000\",\"value\":-141.52,\"descriptionOrig\":\"Abbuchung Einzugserm\u00e4chtigung                OG/000001072|Standard Life Versicherung          19100 00058002000\"}'), 1);   
INSERT INTO PUBLIC.ITEM(ID, VALUE, BELONGS_ID) VALUES
(204, '{"date":"2016-07-03","description":"POL.3532774/0 FP 07/2007        353277409999 OG/000001071|53000 01155090037 DIE NIEDEROESTERREICHISCHE VERS","value":-17.83,"descriptionOrig":"POL.3532774/0 FP 07/2007        353277409999 OG/000001071|53000 01155090037 DIE NIEDEROESTERREICHISCHE VERS"}', 1),
(205, '{"date":"2016-07-03","description":"GEBUEHRENRECHNUNG    0001136    36733        OG/000001070|20151 00697908192 UPC - Wien","value":-19.98,"descriptionOrig":"GEBUEHRENRECHNUNG    0001136    36733        OG/000001070|20151 00697908192 UPC - Wien"}', 1),
(206, '{"date":"2016-07-03","description":"Kranken    01072007-01082007    608001332697 OG/000001069|20111 00001201387 UNIQA Personenversicherung AG","value":-14.48,"descriptionOrig":"Kranken    01072007-01082007    608001332697 OG/000001069|20111 00001201387 UNIQA Personenversicherung AG"}', 1),
(207, '{"date":"2016-07-03","description":"Bezahlung Maestro                            MC/000001068|WIENER LINIE 1007  K2 03.07.UM 08.29","value":-49.5,"descriptionOrig":"Bezahlung Maestro                            MC/000001068|WIENER LINIE 1007  K2 03.07.UM 08.29"}', 1),
(208, '{"date":"2016-07-02","description":"V.S.NR.  28145392:01.07.2016    10168631     OG/000001067|31000 00200597807 FinanceLife Lebensvers.AG","value":-70,"descriptionOrig":"V.S.NR.  28145392:01.07.2016    10168631     OG/000001067|31000 00200597807 FinanceLife Lebensvers.AG"}', 1),
(209, '{"date":"2016-07-02","description":"MERKUR 1070  0737P K2 30.06.    UM 15.13     VD/000001066","value":-21.51,"descriptionOrig":"MERKUR 1070  0737P K2 30.06.    UM 15.13     VD/000001066"}', 1),
(210, '{"date":"2016-07-02","description":"AGIP 2100    8006P K2 01.07.    UM 11.14     VD/000001065","value":-12,"descriptionOrig":"AGIP 2100    8006P K2 01.07.    UM 11.14     VD/000001065"}', 1),
(211, '{"date":"2016-07-02","description":"Auszahlung Maestro                           MC/000001064|AUTOMAT  51115 KARTE2 02.07.UM 08.29","value":-150,"descriptionOrig":"Auszahlung Maestro                           MC/000001064|AUTOMAT  51115 KARTE2 02.07.UM 08.29"}', 1),
(212, STRINGDECODE('{\"date\":\"2016-07-02\",\"description\":\"                                             BG/000001063|Verg\u00fctung f\u00fcr Kontof\u00fchrung\",\"value\":12.42,\"descriptionOrig\":\"                                             BG/000001063|Verg\u00fctung f\u00fcr Kontof\u00fchrung\"}'), 1),
(213, STRINGDECODE('{\"date\":\"2016-07-02\",\"description\":\"                                             BG/000001062|Entgelt f\u00fcr Kontof\u00fchrung\",\"value\":-12.42,\"descriptionOrig\":\"                                             BG/000001062|Entgelt f\u00fcr Kontof\u00fchrung\"}'), 1),
(214, '{"date":"2016-07-02","description":"Einbehaltene KESt                            BG/000001061","value":-7.97,"descriptionOrig":"Einbehaltene KESt                            BG/000001061"}', 1),
(215, '{"date":"2016-07-02","description":"Zinsen HABEN                                 BG/000001060","value":31.88,"descriptionOrig":"Zinsen HABEN                                 BG/000001060"}', 1),
(216, '{"date":"2016-07-02","description":"Auszahlung Maestro                           MC/000001059|BANKOMAT 36661 KARTE2 29.06.UM 22.17","value":-50,"descriptionOrig":"Auszahlung Maestro                           MC/000001059|BANKOMAT 36661 KARTE2 29.06.UM 22.17"}', 1),
(217, STRINGDECODE('{\"date\":\"2016-12-13 13:55:51\",\"description\":\"Kontoauszug importiert (216 Datens\u00e4tze wurden erstellt)\"}'), 2);  
CREATE INDEX PUBLIC.FK_LHK4YHIOBHRG02122MGY5JILG_INDEX_2 ON PUBLIC.ITEM(BELONGS_ID);           
CREATE CACHED TABLE PUBLIC.PERMISSIONS(
    PLUGIN_ID BIGINT NOT NULL,
    PERMISSION VARCHAR(255)
);          
-- 19 +/- SELECT COUNT(*) FROM PUBLIC.PERMISSIONS;             
INSERT INTO PUBLIC.PERMISSIONS(PLUGIN_ID, PERMISSION) VALUES
(1, 'eu.ownyourdata.info:read'),
(1, 'eu.ownyourdata.info:write'),
(1, 'eu.ownyourdata.info:update'),
(1, 'eu.ownyourdata.bank:read'),
(1, 'eu.ownyourdata.bank:write'),
(1, 'eu.ownyourdata.bank:update'),
(1, 'eu.ownyourdata.bank:delete'),
(1, 'eu.ownyourdata.bank.*:read'),
(1, 'eu.ownyourdata.bank.*:write'),
(1, 'eu.ownyourdata.bank.*:update'),
(1, 'eu.ownyourdata.bank.*:delete'),
(1, 'eu.ownyourdata.scheduler:read'),
(1, 'eu.ownyourdata.scheduler:write'),
(1, 'eu.ownyourdata.scheduler:update'),
(1, 'eu.ownyourdata.scheduler:delete'),
(1, 'eu.ownyourdata.scheduler.email_config:read'),
(1, 'eu.ownyourdata.scheduler.email_config:write'),
(1, 'eu.ownyourdata.scheduler.email_config:update'),
(1, 'eu.ownyourdata.scheduler.email_config:delete');     
CREATE INDEX PUBLIC.FK_LOE00NBKSJ072E515G4OFIDWB_INDEX_C ON PUBLIC.PERMISSIONS(PLUGIN_ID);     
CREATE CACHED TABLE PUBLIC.PLUGIN(
    PLUGIN_TYPE VARCHAR(31) NOT NULL,
    ID BIGINT DEFAULT (NEXT VALUE FOR PUBLIC.SYSTEM_SEQUENCE_B23FAFAA_4E69_4437_AA64_E7041D9C29B8) NOT NULL NULL_TO_DEFAULT SEQUENCE PUBLIC.SYSTEM_SEQUENCE_B23FAFAA_4E69_4437_AA64_E7041D9C29B8,
    IDENTIFIER VARCHAR(255) NOT NULL,
    NAME VARCHAR(255) NOT NULL,
    INFOURL VARCHAR(255),
    PICTURE VARCHAR(50000)
);       
ALTER TABLE PUBLIC.PLUGIN ADD CONSTRAINT PUBLIC.CONSTRAINT_8 PRIMARY KEY(ID);  
-- 1 +/- SELECT COUNT(*) FROM PUBLIC.PLUGIN;   
INSERT INTO PUBLIC.PLUGIN(PLUGIN_TYPE, ID, IDENTIFIER, NAME, INFOURL, PICTURE) VALUES
('EXTERNAL', 1, 'eu.ownyourdata.bank', 'Kontoentwicklung', 'https://www.ownyourdata.eu/apps/bank/', 'data:image/png;base64,iVBORw0KGgoAAAANSUhEUgAAAloAAAJaCAYAAAD3W+nqAAAABmJLR0QALwC+AKJNyhJ0AAAACXBIWXMAABYlAAAWJQFJUiTwAAAAB3RJTUUH4AoFFg0q0UAx6AAAIABJREFUeNrs3VlwZNd9Jvjvbnlv7guQiX2plVXFKnEpUtROS6R22RJHlsJ2d6vbIZnW2NMzMf0wpXnyREx0hPzQ09HdExNNeabV044ZuyW72+MYr+K4ZUu2JIqbySKLta/YEsg98+73nHlIoMTayAKQCSSA7xdRBAsooDLPRSW++z/n/A9ARERERH2h3P6Oimc/GwrxTQ4NEQ3Cy5Oi4NJt772kQLmkKN23BTP+PMeKiHZE0Jq3W/KG00Ir9DkyRLTdEWstaEGBcvPFSlUUaIoCTVGh3/ylQFNX/19VYHTfX9NV9RtDZuJbHFEiGoig9Vq9LF+tl7HodTgyRLT9L1BrIUsBILthS8Nq0FoNVpqi3AxbuqreDGCGevcgthbSNEXphjasvn3b+/TVtyqUmqao31IV5XlWzohoU0Fr0WnLN5or+LOlyzjfqXNkiGgg7wjXgpe6+nat2qUq3beK0n2PevNj3f9f+/O6osJUNViaDkvVYKrdt3FNh6XqMDUNlqrD0jSYqgZz9f2WpiOu6Uhqem0knirwqhDR/dDX/ieQAu0wwKJn44rT4sgQ0e580VMUWKq2+ktfDVjdoHVryOr+Pq6svl0NWgnNyP91+ZqMazoMVbtZObtZWVNVGN3ff1dX1G/kzfgljjoRgxYR0Z4gpIQrIvhCwFZCqOHq1OLatOHqVKJ621Ti26ccNUWFpWpIaAZSuoGkbiClrr7VY933acaXUnrsSxdaVaT0GEbjKYWjT8SgRUS0u4PWatgCJHwJANGGvo6hqEh2pxJvhquUbiClGUjqMaRX36Y0A2ndwPfLV2VCM2BpOgxVhaFoMFW1WxVT1F8fsrhon4hBi4iIAACRFOhEITwRoRkGq1OIys8W4K9OIa69b21dWFo3kDUs5HQTOaP7K2uYz51prDyXj5kYjadZ+SJi0CIi2tu6lTGBYK0q9i6FMQ0KTFVFUjeQN0zkDQtZw0TeMJHTTWRXQ9fflK/JhG7AUlcrX6vrwExVe6lkJR/jyBMxaBER0W0iSHhCIAp9uFGEiu/CUDXEVltRxLpTiKsL7nVk9BiyuolczELesDAUs06ebizLgmFhPMGqFxGDFhER3RG2IiHhQdyzAqYrCuJqd4oxt1rxyhsWCkYcRTOOfMzCD5evy6Qe67an0PRuGwpV++1hK/ENjjIRgxYREd2DkBKOCBEGAu0oQNlzYK5WvNbWecVVHVkjhqFYHMNGHENmHMOx+Km3mpVTecNkny8iBi0iIrpr0FoNW6GM4IgIQHDLx1V0m66m9RiKMasbtmIWirE4hmJxFGJW/kcrN2RSj91suBpXNYYvIgYtIiK6nyAWSoFW6MMXEVZ8F1dVDTFNu9mINaF1px2HY3GUzARGrWT+dH1ZjliJ7xat5Jc5ikQMWkRE9A5hy5cCfiTQim6teGlQEFNVZPQYimYcI2YCo24So2YSI2biSy9U5mVSNxDXDMS7nfAPsHs9EYMWERHdhwgSvhCohz48EWHZc3BRayC+etxQzjBRsuIYjSUxZiUxYiUvLtgtjHEnIxGDFhER3V/YikQET9y6tVGDgqRuYMSJY8RKYMxLYsxJomQl8XcrN2RKjyGhGd3zHzXt14dMdqsnYtAiIqL7DmBOFGLBs1EPPVyzW2vTh8gaZneqMZbEqJXEqJV87mqn8dxMMstKFxGDFhER3Y9ACgRRt3XE2yU1HcMxCyOxBMasFMbMJEasJP6mfE2mDRPJ1W71CU1nvy4iBi0iIloPb3UHYzsMMO92ENd0mJqGjB7r7l6MJTBqJTFupU5datdP7U/lWOkiYtAiIqL7EUqJMArRiUIA3s33x1UNhdVWEePxFBbcNsbdFP6mfE3mYhYyhomUZrDKRcSgRURE6+ULgWrgwY5CLPsOzmo1JFQd+ZiFCSuFqXga+5LZU5fb9VP7WOUiYtAiIqL7F0HCEd0u9bXQv/n+tGZgye2g7Nmo+Q6W4mn8aOWGzMfiSGkGErrx8YIZf54jSAxaRERE6+SI7u7FRujjitNEVu+evThuJjGbzGImnvneotPGaDzFKhcxaBEREa1HKCVaUdDtTO87iCkq0rqBBTOBauCi4jlY8W28VF2QacNEWjcwFmdTVGLQIiIi2kDwEmiFAQLZRj3wcL5TR0Y3UDITmI5nMJPI4M3GihwxE78+ZLERKjFoERER3beb5y+GAs0wgOrZ0BUVeaONZc/Bsu9gxXcxbiWfe7W29FzGMJHSjZdKVvIxjh4xaBEREa0zeIWye+ZiaDew4Nl4o1VBwTAxaiUxZaUxm8yePNeqysPpAqcUiUGLiIhovWHLWz1zsRJ0e3MlNR0lt4OluI1K4KLs2fjB8nVZiFlI6TEk2ZOLGLSIiIg2xhMRyr6DdhTghtNG1oghb1gYs5KY7a7lOjVnN09NJDKschGDFhER0Xq8vQP9MlwYroqkpmPebaPiO6j43fVcP6nMy6xhIqPHMJ7gbkVi0CIiIlq3SAp0ohALro1m6ONyp4GUHkPRjK+t48KZxooctZIH8mb8EkeMGLSIiIjukwAgpEAQCbSiAGU4UBUFOSeGctxBNXDRCnxMxdMXzzRWkI9ZbIJKDFpEREQbDV6QEs0wwFW7iYrv4Fy7hlEriYOJHA4kc7jUrsn9qTzDFjFoERERbSRsdXty+aiFPlR0sOTZaAY+GqGHdhTghcq8LMTiyBkmdykSgxYREdFmglczDHDRbmDZd3C2XcNEPIXDyTwOJvOnFpzWKR7vQwxaREREG+RLgWrgoR54mHc7KHsOWmGAZuCjFXp4rb4k84aFlB7jonli0CIiItqItY7z1cDFmVYVC24bb7RXMB3P4IFUAQeSuYsV1+Z5isSgRUREtNGw5YgIjt/dlTjvdrDiOehEAZqBh3rgPvdWo/JcNmZijDsUiUGLiIhog6FLSrgiwoJnw45CXLGbKDXjmI1ncTQzhHOtijycHmLYIgYtIiKidQet1bDVjkK0oxDLvosFvYMV34UtA9QDDz9emZNFM4EsdygSgxYREdHGhVKgFQa45rTQCD2cb9cxbqWwP5HF0fQQz1EkBi0iIqKNensPrnroY9lzUPZsVH0Xdhig5rt4pbYoh2NxTCWzDFzEoEVERLRRnhCo+C6cKMKi18Eb7Qqm4mkcSObwWr0sJ6wUdygSgxYREdFGRJCwRQRbRFgJXJQ9BxXfQSPw4IQhKgnnuTcay88VYhbY9JQYtIiIiDbBESHmXRutMMAVu4lRK4kDiSwOpfK43K7LfakcwxYxaBEREW1EKCVaUYBWFGDes1H2bDQCD63IhycivFpbkkUzgYkEq1vEoEVERLQp7dXeW/XAw1W7if3JHB7JlnChVZMH03mGLWLQIiIi2qi1HYqtKMCy76AZ+pAAOmGIV2pLctRKcO0WMWgRERFtxlqH+Tm3AzuaxzW7iYN2HkfTBVzp1OVskmu3iEGLiIhoY0FrNWw1w6D7K/DRiQI4IkAgBF6rl2XRjLO6RQxaREREm9WOQlyzW2gGPm44bRxI5vBotsSdicSgRUREtFmBFKitrt1a8V00Ax9SSrTDAH9fW5IjVhKj8RQDFzFoERERbZSQEo4Icd1toxMFuGo38UAyjwfSBVzvNCSP8SEGLSIioo0GLayt3fK7vwIPdhSgI0KEUuB0fVkWzXhtJJ4qcLSIQYuIiGgT1vpuNUIfN5wWDibzeDRXyl/rNOV0MsPqFjFoERERbZQvBaqhj1YUouq7aIU+JCQ6YYDX62VZMhOsbhGDFhER0WZEUnR3JjotNEMfl+0GjqQKOJIu5OfsppxIsLpFDFpEREQb0l271d2ZWFtdv+VGIWwRIhACbzZW5LAZf6lkJR/jaDFoERER0Sa0wgAX7QbqgYdrdhOHk3k8kiudnLNbkgdUM2gRERHRJvhSoBJ4aIUBVoJb12690ViWRTPB6haDFhEREW1GKAXaYbffVjP0cdFu4FhqCA+kCycXnZYc5RE+DFpERES0MQI/25lYDX00Ah9eFMGNQggpcLFVkwfSeYYtBi0iIiLarGbo43ynjkboYcnv4GhqGGcaFXk0O8SwxaBFREREm+FLgZXAhR2FaIcBXCFgahr+vl6WY1aS67YYtIiIiGizPBFhxXch2lV0Qh/zbhvvK4ydLLudFxm2GLSIiIhoEyLIbo8tr7tY3hMRLFWDH0UnL7frcl8qx6lEBi0iIiLaVOCSAp3VjvJuFGHe7eDx/CjOtarycLrAsMWgRURERBt1s6N84KEZBnBFBENVEYgIr9eX5ZiV/O1hK/ENjhSDFhEREW0icEEKlH0bP6ktouzZqAUejqWHTq24Nhi2GLSIiIhok2GrE4XoRG14IoKiKAiFgIQ8NWc3T/FgagYtIiIi6oFG6ONMq4pm4KEauHgwPYSrnYacSWYZthi0iIiIaDM8EaHsO3BFBF8IBLK7dutcsyqLZvxA3oxf4igxaBEREdEmOFGI624bvgjRCDwsuB08nh+7CICVLQYtIiIi2oxACgShj0BEaEUhfCFgqhpeqi7K8XgSYzyUmkGLiIiINscXAo3Aw7lOHe0owJzXxvtyY5i3W3I8wbDFoEVEREQbFkHCEREC30E79OGLCJaiIRACF1o1eTCdZ9hi0CIiIqLNEFLCFRHmnDZ+EM1h0evgsXAUbzaW5bFskWGLQYuIiIg2HLRWw1Yt9G92ktcVFYEQeLW2JCfiqe8WreSXOVIMWkRERLQJESRWfBcv1ctY8R3UAhfHMkNfKjudF0vx5GMcIQYtIiIi2gRbhLC9EK6IIAGEUkCFcnLObkp2kmfQIiIioh5ohj7OtevoRAGaoY+q7+FGpyknkwxbDFpERES0Kb4UWAlc+FIgFBJCAindYNhi0CIiIqJeWeskLyEBAO3QZ9hi0CIiIqJeWOskf8MFlNVTelJ6jGGLQYuIiIh6hZUtBi0iIiLqE1a2GLSIiIioz1jZYtAiIiKiPmFli0GLiIiI+oyVLQYtIiIi6hNWthi0iIiIqM9Y2WLQIiIioj5hZYtBi4iIiPqMlS0GLSIiIuoTVrYYtIiIiKjPWNli0CIiIqI+YWWLQYuIiIj6jJUtBi0iIiLqE1a2GLSIiIioz1jZYtAiIiKiPrm9sqUASLOyxaBFREREvbNW2QIkFAWwowDzdkuOJ9IMWwxaREREtBlrla251cqWpigoxCysuPY3h63ENzhCDFpERES0SZ0oxA23DUNVkdMtAMqpFdcGw9bGqRwCIiIiArqVrXroY87t4I12BW+2KlhwO6c4MhvHihYRERHdohH6ONOqQkqJvGHiXKsqD6cLXK/FoEVERESb5YkIZd+BaWsotSowVA2X23W5L5Vj2GLQIiIiol6oBi5eqpcRCIGsHkPZ7bxYspKPcWQYtIiIiGiTnNXF8ZaqYdxKIqZpJxm2GLSIiIioBwQASIGyb+PHtQW4IkJc009yZBi0iIiIqEdhqxkGuGw3YaoaxqwkzjRW5NHsMNdrMWgRERHRZkVS3Oyx9ZPaAvwowsVWTR5I5xm2GLSIiIhoMwQAIQWqvotz7RpiqopRK4k5uyknEjwTkUGLiIiINs0TAhXfxaVOE1ljCZGUWLBbcoxnIt4TO8MTERHRfYkgYYsIZc/GmVYVp1sruOa0UPXspzk6d8eKFhEREa1LOwpxzW4ipqgYMixoivK9qud8vGDGn+foMGgRERHRJgRSoBb6uOa0kG1VoKsqkprxPQCcQmTQIiIiol5ohj7eaK5ASImcYfGYHgYtIiIi6hVHRHB8B6Zdx0grAVNRcb3TkFPJLMPWKi6GJyIiok2p+B5eqi3hx7UFXLdbqLj2sxyVLla0iIiIaFPsKMA1p4WYqmHcSiGmas+tuJ39w1byG3t9bFjRIiIiok2J0F0gv+jZ+EltAT+pzmPRtU9xZFjRIiIioh6FrWbo46LdQEzVMBZP4VyrKg+nC3t6vRaDFhEREfVEKAVaYYDrTgsv1BfhC4ErnbqcTe7dnYicOiQiIqKeEAB8KVAJXJxt13CmXcENu4UV1/4mgxYRERFRD7irx/Rctht4q1XF5U7jVNVz9uQxPZw6JCIiop4KpUQ7CrHo2jjTrsLSdORi5p7sHM+KFhEREfVFM/RxplXB6eYKFpz2nuyvxaBFREREfeGICIuegyt2A+fbNVy1m8/ttSlETh0SERFR30SQqAQuXm6UASjIGHtrCpEVLSIiIuqrVhjgst3AuU4VN+wmlp3Odxi0iIiIiHrAFwLVwMMNp423WlVc7NS/tFfWazFoERERUV9FkHBEhLLv4K1OFWfbVaz4znMMWkREREQ90gp9vNWq4nRrBfNuG8vu7p9CZNAiIiKiLeGICEu+g6t2E+dbNVy1m1+qeLt7CpFBi4iIiLaMAFDxPbzSWMIr9SVUfXdXTyEyaBEREdGW6kQBLttNnG3XcN1uoex0XmTQIiIiIuoBXwjUQx9zbhtvNis4366d3K0HTzNoERER0ZZa24W4vLoL8a1WFcu+fYpBi4iIiKhHmmGAc+0a3myvYN5pY8lpVxm0iIiIiHrAW61qXXNaONeu4rLdyO+2KUQGLSIiIto23V2I3bMQX6mXUfGdXTWFyKBFRERE26q9ugvxXKeGa3YTC05LMmgRERER9UAoBJqhj3mnjTdaFZxr1VB2d0fLB52Xl4iIiLZTBCASAiu+i7PtKhKajmEzfpJBi4iIiKhH2qGP8+06TFXDTCKDebslxxNpZSc/J04dEhER0UBwpcBy4HZ3IbZquNxp7PgpRFa0iIiIaKDUAg8vN8tQFKAQs3b0FCIrWkRERDRQ2mGAq3YTFzp1zDmtHd3IlEGLiIiIBkooBVphgEXPxrl2DZc69R3byJRBi4iIiAaKAOBLgYrv4lynhgvtOhqBtyMbmXKNFhEREQ2kdujjfKeOtB7DkfTQjnwOrGgRERHRQHJFhLLn4IbTxg2nhSvt+o7rGM+gRURERANJoLteqxa4ONep4kK7tuMWxnPqkIiIiAY6bDVDHxfadWQ0ExOJdH4nPX5WtIiIiGigtcIAl+wmLtg1rHgOap6zf6c8dla0iIiIaKD5UqAauFhwO7hqNzEUi18EsCOO5mFFi4h2FV1RYKoadEXhCxzRLiIANEIfZ9tVnG1XMWc3d8TCeFa0iGhHUQCoqzeymqJgNp7G/ngGhqohpmrIGibimo5ACrRCH04UQgBY8Do406rCEWH3RVtKSA4n0Y7SDANc7DSQMUzsT+Z2xs0fLxsRDToNCiasJEbMJI6k8tiXyCBnmFCgYCqexmQ8BV3p1q8U5WezCWv/L6XEsu/gst2ELyK4IsT5Th2nmxWUPRtlz0Y7CjjQRAPOiUJcd9vI2yaW3A4WnbYcjacGegqRQYuIBlpaN/DJ0iy+NHEYI2YSlqrBUFVoyvomBkfjKYzGUzd//2QUwhMR7CjE31bn8HvX38JFu8EBJxpggRQIQh9Lro3LnQYKhoWqZz9dMBPPM2gREa3TpJXCJ0dm8Q8mj6AQi/f0a1uaDkvTkTVMPDN2EKVYAv9p4Tz+ZmUOgpOKRAOtEfp4s11BQtMxZMa/hwFeGM+gRUQDQ1MUPJodwXvzo0hqOh7OlXAwmUNM1fr896r4yPAkHkgX8HPD86j5Lt5q1/DDyhw6nFIkGjidKMBVu4mCYeKIVxjox8qgRUQD45mxg/iliQdwIJm7Za3VVhkxE/jC2EEA3TPW/mTxMv7lxZfhri6gJ6LB4IkIZd/BDbeNG04bl9p1uT+VG8iqFnc/E9G2S2g6Pl2axdemj+NgKr8tIet2KT2Gz48dwBfHD6JgWLxIRAMklBKdKETZc3DRruOa3UTZ6bw4iI+VFS0i2lbjVhK/On0cHxwax6iVGqjHZmk6/un+R/BEfgy/N/cWflRd4AUjGiDN0MebrSqSqoGJeOokgxYR0dtMWCn82uwJfH70wEBUse4Vtj4yPInJeBr/+tLL+P7KDV44ogHRiULccFoYillYcu2BfIycOiSibTFqJvBLkw/gsyP7BjZkvd1sIoMvTzyAE5lhXjyiAREKgXroY8mzccVu4HR9eeC2DLOiRURbbtxK4tdmTuBTI/tg9HlHYc/uShUFHyiMI6UZ+L9vvIU/L1/hhSTaZhEkIhGh4ju40Kkjo5uYs5tyIpEZmLs3Bi0i2lKaouCZsUP4wtjBHVHJut17skXYUYiX60so+w4vKNEAaAY+3mp1+2rtT2YH6yaNl4eIttLRVAE/Nzy5I0PWmsdyI/j0yL6bZy4S0fZyRIg5t4NrThOLbmegdiAyaBHRlknrBp4uzWBfIrujn4euqniqOI1HcyVeVKIBEEkJR4RY8V1c7NRxxW6crHj2swxaRLSHQlYM/92BR/Erk0egqzv/pec92SKenT2BAzs8NBLtBgJAICVqgYvzdg0XOnU0Av85Bi0i2jPeXxjDJ4qzfT9OZyudzI3gmfFDsFQudyUaBK0wwLl2DefaVdR8dyAeE4MWEfWdAuCRbAkZI7arnpemqHgsN4JCjJ3jiQaBG0Uoew7mnDYW3Tbm7Oa2t3tg0CKivnsoW8SHhiZ25XM7kMziyeFJXmSiARBBwhcC9dDDFbuJa3YTK679TQYtItq1YqqKjwxNYtRM7MrnZ6gaPjo8iVIszotNNCBhqxn6uOI0cNVuohMFpxi0iGjXslQdJ3MjO6Yx6UYcTOZR3KVBkmgn6oQhrthNXHGaaIf+tj4WBi0i6qsDyRxGdnkIiWs6HsmWoCnsq0U0CFzRXau14HZQ3eZF8QxaRNQ3lqrjMyP7MGold33Q+mRpBlPxNC860QCIpEAnClELXCy4bZxvVbdtUTyDFhH1zcPZIj5QGNsTz/V4ZhhPF6d50YkGQLevlkAz8HHdbmHOaaHsbk+3eAYtIuoLTVHw5PAkRszknni+iqLgyeEpjO2R50u0E7SjAJedJq50muiEwcnteAzsskdE/QkeACas1K7oAn+/SmZiTz1fokFnRyFuOG2MmAk0Am9bHgNfEYiIehwwiWgweCJC2bex4HZQ8R1U3K0//5BBi4j6wlL1XXXczv3QoCClG7z4RAMilBKdKEQ1cDHvdrDk2Vt+/iGDFhH1Rc4wkdZje+o566qK4Rj7aRENmnYY4IrdwFW7gQWntaU7EBm0iKgvkrqBuLa3loFqioLMHguXRDuBHQW4Zjdx1W6iFQZbewPG4Sci6h32LCUaPO0oxFWnhaIZR2uLF8WzokVEfWGqGow9tgNPhQJzj61LI9oJAhGhFngoezaWPRtLTrvKoEVEO5quqHvuSBpVAYMW0QASAEIp0AwDXHNauO608lXPeZpBi4h28AubhJR773lHe/FJE+2QsNUOfVx1mrhmN9GJgu8xaBHRjuVEITwR7annHEoJJwp58YkGVCsKcLnTwBWngc4WLYpn0CKiPgatvRU6hJToRAEvPtGAcqMIS56NeaeDmu8yaBHRDn5BExF8IfbUc46kRCPwefGJBtTaOq2K72LR7eBKu973uX4GLSLqi5rvbtvZYtslkAJV3+HFJxpQAoAvBRqhhzmnhXm3jRXX/iaDFhHtOBJ7c1G4LwUvPtGAa4cBLjkNXOk00ImCUwxaRLQDgxZQDVyIPbQLrxV43HVItAPYUYgbTgvX3Baafa68M2gRUV9EUuIHlTk0w72zZunHtUWUvc6ev/ZxTce4lcL+RBb7E1mMmAlYKg8iocHhihALro05p933RfH8zieivnmjuYIL7Toey4/s+uda8128UFtEuEcrWrqiYiaRwclcCUdTBRxND2EoZgEA5t0OzrQq+IvyVbzSKPMfBm27QEoEUYCK72DB7eB8qyoPpQt96bDMoEVEfbPo2fiTpUs4kRmGqW2uY7qU8pa+XGs7GlWl+0N+vdY+X1cU6KoKQ1GhbLCTvVyt3r1cX9pz1zijx3AgmcNjuRE8VZzGgWTujqOXimYCD2WLcEXEoEUDpROFuOI0MWzGseS0qyPxVIFBi4h6wlBU5AwTJTOBx/OjN6sPAFDzPfyoNo/z7TrCTS7u/v7KDZzIDOPTI7OIawaAbr8pT4TohCEiSNQDFwtuBzecNpY9G8Fd/k4hJVwRQcruMns3CiEgYSgqYus89kZAwo0iSEiYqgZL0+95dI6qKIirOsasJPYlshizklAVBWndQFwzEAqBv28u4z8vXEC7Bz20DiRz+OjwJLKGedePt0IfP6ku4ordQGOLp2WzegyHU3k8nh9FXNOhQsFkPIUTmSJSuvGuYdVQuFqFBks7DHDVbmI4FsdsMpvvx9/BoEW0BxVjcXxp4jA+PDSBrGGiGEvcUoUIhMDHilP4nSuv468rNzb1d9UCF79z5XXMuW08kR9FI/DRCn1c6NTxWnMFzcCDLyJ4IoI9oN3kFQAJzUBS02FpOixVx8O5Io6lh1D1XXx/5Tpea65s+u8ZjsXx3+x7GB8tTt07JEqJL4wdxAu1RfybS6+gskVNFw8ksvjq7Ak8mi1h1Equ+/O9KMIC16/RgLGj1aBlxtHu040LgxbRHhFTVeQMC/sTWTwzdhAfK05DV5S7ViAMVcWD6SE8OTyJF+tLm+52vuB18O+unsYfLVxAI/A3XSXbahJAJwpuGYdznVrP/55HcyWczL3zejZVUTBupfALoweQ1Az88eJFXGjXsew7fRlXBcBD2SJ+efIIni5OQ9tgVeq608RLe3BqlQabJwQqgYtlz0bd78/uQwYtol1IAZA1THywMI60HoOqKBgzkziRHcaYmcSwGX/XH5iKouCRbAl5w+zJsTIS2LLqy06kKyo+MjSJlG7c159XFQUfL83gZK6E604bL9YXseK7kFLCFxFebSzjmtPacPhSoeBIOo8n8mP4yNAkTmSGNxyyAOCVxjKu2E1eaBooESR8IdAOA5Q9GxdbNXkgne/pongGLaJdJqHp+MLYQXxseHrTi9BTuoG0EQOYj7YkHBdiFtR1LsgvxOL/4NFeAAAgAElEQVQoxOJ4KFu8+b5QCFyyG/jL8hX84fwF1IL1XUBL1fBLk0fwzNhBTMfTG94k8HZnWhUeuE0DG7Y6UYCy18GyZ6Pi2s8OWYlvMWgR0U2GoiKpGziUzOGzo/vxocIEhs34pr9uSo/hoUwRZ1pVDnKfxTUdlqr15GvpqorDqTwmrBQOpfL4w/nzON+uwxUhvCiCeIeu/XnDwidLM/jlySMYMRM9eTy+iNAOedg2DS43CrHgdbDgtjGVSD8HgEGLiD+YdRxNFZDQdBzLDOG9uTFMxFMY28BC5XuRUrIKsUU8EeHNVhUPZ0vrrmrdS1I38IniDB7OFFH2HVzuNPByo4wbTgsv3rZeqhSL42RuBD83PIX3F8aRMWI9e26NwEM99HiRaWA5IsK828GE1YHd49c8Bi2iHUSFgql4Gk8URvF4brS7zV7VoSrKPRe2r/eu7mKngRfri7jutOALgb9avsaB36Kg9X9dP4MLnXq3t5eiYn8yi0ezJRxMbXzXuaIoGLGSKJkJHEsX8OmRWTRDH//+2hv428o8fBHhZG4Enx3dhxOZYViq3pOpwluCVuj3baExUU+CVhRi0e1gwev0/OaSQYtoh8gZJp4qTuMzI/twLF242ZOqdy80Af71pVfxV8vXUAvcmw09aesseB380cKFm7+3VA1H0gX86vSD+PDQ5KYqXYqiQIMCTQGGYnH8xr6H8czYIUhIFGNxZO7Rt6sXmqxo0YALhEA98FDx3Z6ffcigRTTAhmIWxq0U3l8Yw6PZERxLD/V0SmdNK/TxB3Pn8N25s3v2CJlB5K7uHvwXF17ComvjQ0PjmIine/K145qO/cnsljyPRuCjETBo0eASkPBWdx+u+A6udhpyJpntSWmXQYtoAI1bKTxVnMIT+TEcTuWR1c1NH2Fzu0W3g7+rzqMWuHirVcPfVG4wZA2oa04L/+rSy/jL5Sv4RHEWHytOodijhepbYa0hLdHgBq1u2LLDAGXXxornoOo5TxfM+PMMWkS7zBP5UXx54gF8bHiq52tl1vygMof/eOMt/LA6zwHfIewoxEv1Ml5tLOOlxhK+PP7Anjism2grOSLEotfBotvGmJX8HrqdVxi0iHa6rB5DxjDx4aEJfG50P46mCn0LWZc7Dfzu9TfxQm2RA78DRVLiL8tX0Qp9jMeTGLdSHBSiXgWt1aOiFt0OHNGbRfEMWkTbKK3H8HRxGh8rTmMqnsKYmer5FOHb+SLC/7N4ET9lyNrxXqwt4XSzgjEz2bdQTrTngpYIseB2sGB14EYMWkQ72nQ8jV+ZPIJfGD2AuKZvyQ/LRbeDH1XnwZVYO18oBa7YDfhC9DWcE+0lvohQ8V2s+A5aQW8OmWbQItpi+uqhwP9k+kF8qjSLhG5s2d99rl3DgtsZ+DFSofSsaedmCSnfsZP6dpEAzrZr8ETIoEXUI5GUcESIZuij5rtYtNtyNJHa1IsRgxbRFvrw0ASeHJ7EkVQBR9OFTR3SuxHnO/WBPApFVxSMmElYqoa0EcPjuVEczwxB3+LxufPuVuC15jJ+WltEM/RR8d2eHLDdK2XP5k5Rol7eWK3eXHXCAGXfxorvbP71jcNKtDU+OjyF39z/MPYlMlsesNa0Q38gqjMKgJiqIW+YOJ4ZxkPZIh7PjaJkJqAqCixVg6UNxsvT+wtj+MrUMTRDH683V3DVbuL15grebFVgR8G2Bh1NUcDVWUS954hwdVF8G0tOuzoSTxUYtIgGlKYo+FRpFl+ZPoaDydy2PpaYqkEB+h61TFVDQjNgqCriqg5dVZHQ9NVgoKBkJnAyV8KJzDDGrRSyfexKvlmWpsPSdORjFmYSGQBAxXdwtlXDD6tzONuuIpISbhTBjgLYUYhARN23sr/d9SesFHRV5T8yol4HrSjqLoo3OziYyuc387UYtIj66GAyh8+N7senSrMYGYAGkyUzAVPV4Pa4eWTesHAklccjuRJSmoGkbiBvWEhoBjJGDHFNR0aPIbYaChQo0BQVxg4NCUOxON5XsPBYfgSRFJAS6EQBqoGLmu/BjgI0Ag+dKEQoBc61azjdXEHVd9Hu0dSjCgVHUgVYKtdnEfU+aK2efWh1Nv16yaBF1AcKgPflx/DLk0fwkeHJgXlc3SN8TLievemvpSsKDiRzeDhbwgcL4ziSLmAoZm3btOhWUxUFMUUD0A06Cd24Z7f2ZuBh2XfwenMFL9fLeLVRxjWntam/39I0zCQyMBi0iHrOExFWfAfLvoN2uLndhwxaRH3wkaFJfG32BI6nhwbqcc0mMng4W8Tz5WvrWqtlrq6nyscs7E9kMZPIYNRM4nhmGNPxdHdKkL2c7iljmMgYJvYnsvjcyH6cbddwzWlixXPwSqOMy3YDnhCoBy7s++jdY6kafn70AB7JlTi4RH0QSoFm2K1M130PFdd+dshKfItBi2ibHUsX8FRxGk8VpzGbyA7c48saJp6dOYHhWBx/unQZ9bsc9GuqGhQoGLeS2J/MYjgWx4SVwqO5ERTNOOKaDlPVoCvqwLRg2CkURYGuKHgwM4QHM0MIhMDnxw7AERFaoY/XGsu41Gmg7Nl4uVG+405aU1S8JzuMDxUm8HPDk0jrMQ4qUR8IAL4UaIU+VnwHlcB9DgCDFtF2+uzIPvzK5FEcSxcGurpzIJnDf7v/ETycLeEvylfwQm0RrdBH3rDwcLaIp4rTGLeSyBkWhmNxpHWD1ao+MVQVhmoiA2DETOBgMgcpJZwoxCW7Af8ua0NmEhkUDGtHXRNdVWGqGg+Wph3HFREWvQ6W3A6W3c53ilbyywxaRNvgPZlh/IOpozg2YFOFd6MoCixNx9PFaTycLeL15grmnDb2J7M4lh5CzjBZqdrm65PQDRzPDO+a5/REfhSfLM3iz8uX4QvBi0w7hheFWPZtlD0bs8nslzZ0o8FhJNqck7kSvjzxAI5uvM3KtlCVbpuFp4rTvIjUVyk9hn80dRQjZgJ/tnQZN9w2B4V2BFdEWPEcVHznrhVmBi2iPkrrMfzC6H58cfwwZhJpTq8RvYNDqTxmExkcTuXxLy++jHmGLdoBPBFh2Xew4jvwoo0FLXa6I9qg9+e7HcP3J7N7pqUB0WYYqoaPl2bwzNjBbT9eiej+gpZAxXdR8V2497EjmEGLqEdiqoonhycxYiU5GETr9JmRffj82AEkNYODQQMtkgLtKEAz9NDaYD8tBi2idbJUHf946kF8eGiSg0G0ARPxFP7p/kfw1ZnjiGtcwUKDa+2QaTeKUA1cXO801n2CGYMW0Tr9o6mj+I19DyFjsIcR0UblDBOfLM3g/fkxDgYNfNjyRITa6hRizXP2M2gR9cnPj+7HL08+wIXvRD0wEU/jqzMn8HhulINBA23tSJ7V3YcvMmgR9cGYmcRnR/ajEItzMIh65MHMEJ6dPcHKFg00V0SorO4+9EWUX8/ncnKc6D4UY3F8ZfoYnsjzzpuo1x7Pj0JIiYt29/ghokHjiwhl30HFc+Cus58WK1pE72LUTOBrMyfw6ZF9nDIk6pMTmWF8fvQADLZ9oAHkrVW0AmfdR0mxokX0DtJ6DF/f9xA+P3qAIYuojxK6gWdnT8AXEX5/7izPRaSBC1pV30PVd+Gss58Wbx2I3sHBZA7vy48xZBFtAUPV8E+mH8SvTB6Bxn9zNEBCKWFHIZphgFawvn5aDFpE91CMxfGZkX0YZVNSoi2Tj1n4/NgBPJDKczBooESQ8ESIqu/iUrt+3/20GLSI7uJjw1P458c+iJ8f3c/BINpiM/EMHs2NcCBo4PgiQj1wUV9HPy0GLaLbTMXT+NrsCbw3PwaLXauJtpyiKPjI0CTGTFaTadCClkAtdNEIPARCfIdBi2iDhgyLg0C0jR7OFvHx0gzXatFACUSEhu+hFrjwZHSSQYtoA4ZjcWjcYk60rWKqhq/Pvge/ue9hmKrGAaGB4AuBWuCh3q1o3dfn8KcJ0W0+PDSBoRgrWkTbLaEb+PTIPpzIDHMwaCAEUqB+M2jdXwsSBi2it3l/fgxPFafZzoFoQIxZSTzGhfE0ILqL4T00Qg+BZEWLBsygd3x+OFvEV6aPYSaR4cUiGiAziQzi3JhCAyCQAs3QRzP04d1n41IGLeo7XVHwzNhB/A+HHsdHh6cwqLWijw1P4wkebEs0gDdBJRxK5jgQtO0iKeGIEHYYwL7PoMVbBOq7o+khfGXqGPYls5hNZHDdaeFCpz5Qj/FQMocnhyehcsqQaOAMxSx8aGgCb7aqCO9zuoaoHwQAsRq22qGPJaddHYmnCu/0OaxoUd8dTOawL5kFAJzMjeCzI/sQUwfrW28qnkbJjPNiEQ0gQ1HxvvwYRs0EB4MGQvCz3YfveoQBgxb13durRKqi4HOj+/G1mRMoDciLZlzT8bHiNGLcQk40kBRFwdF0AT8/emDg13rS3glajcBDI/BQ8exnGbRo2+iKipRm3PK+opnAr04fx9dn34PxAThHsGBYeCCVZ+8sogFmqBqeKk2z1QMNBF9GqIfeWof45xi0aNsIKSEg7/KiqeKTpVl8ZeoYDiZz27qj6AOFcUzHudOQaNDNxDP48NAEuJKStlu3ouWiHnjw36VxKYMW9TdoQd5zZ0ZSN/DF8UP4F8efxD87cBLv34YdfwXDwkeLUzA1ThsSDTpDVfG+whhm2YKFtpkvItT91calMmLQou1P/kLKe7xwaphJZPDF8UP4rSPvx4cK41v2uFQoeLo0jUeyRV4koh3iYDKPQ6k8B4K2N2hJgXrodxuXsqJF2+3NVgUX36Wdg6ooGDET+Mr0MXx2ZB/Seqzv0wNFM46PF2cQv20NGRENLkNVUYolOH1I215AaAYeWqH3ri1HGLSo767YDbxYX0L0Lt+MiqLgvfkx/I+H34vfeuB9+ERptq+P67HcCB5mNYtox3k0V0KB55HSNgqlQCsM0AqDdz3zkEGLtuAbUuKHlTnUfO++/nxKj+Hp0gz+2cGT+LWZE0jr/ak4xTUdBls6EO04j2RLeHJokgNB22atQ7wThfAYtGgQvN5cwYv1Rch7rNW6mxEzgd/c/zC+PvsQHs+NIKvHevZ4DEUdmD5eRLQ++ZiFr+97CB9h2KJtIgAEUsIVEdx3OYqHR/DQlmiGPn5/7ixOZIqYiKfW9blfnngAnx6ZxevNFdxw2nihtoiX6ktoR8GGH09aj7EfD9Em+CJCI/Bu3eiiKMjp5pbs4h2KWXiqOIUX64v3feYcUa+FQqATBlhwWnIsnlYYtGhbnW/Xcbq1gjErua4zBQ1VRSEWx5PDUwCAjxan8NcrN/C7189g3m1v6LGUzASm42leFKJ1klLiqtPEny5dxgu1Rax4zs2PZQ0TT+TH8InSDA6lcn1tAqwpKo6kC2w0TNsqkgLtMEA7vPeNP4MWbZlOFOD/K1/DR4YmNrXTb9xK4csTh3EwmcMLtUW80iij7NmwoxArvvOun5/VY/hEaQYlM8mLQrQOQkq80arg21dP469Wrt/x8RtuG2+0Kni5sYR/OHkUT5dmOGi0q4VSohMF6IQBap6zP2/GLzFo0bY63argdLOC45nhTXWD1xQVj+VG8J5MEZ3Ihy8ELtkNvFIv45rTwuvNZVRvW3yfMWL4YGEcHyiM48NDEzBU3gkT3W/AWvQ6+F75Kv7LynW82lh+xz//amMZi24Hb7Qq+OzofuxLZFh5ol0pWK1odcIAkZTPAvgGgxZtq3m3jf/prR/hk6VZfHXmOJKb2FGoKApMTYOpxQEAo1YSHyiMoxMGuO604IrwjnB2OJlnF3iidfCiCH9Wvoz/d/ESXqwv3ffnLXo2vn3tDbzSKOMXxw/jk6XZvtzcmKqGFi8TbZNQCLQjH50oQCjFKQYtGghzbhvfvnYatcDFf3/gJDJGrKdfP6kbOJIucKCJNqkV+vjD+fP4jzfOYsHrbOhrvNpYxrLnoOI7+PzYQeQMs2ePrxhL4Gi6gB9U5nixaFtEsrsYvhX6CO7RK5K1XNoWEsCPqws43VzhYBANqL9eubGpkPX2m6v/cP1NfP8u67o2oxCzcJjH8dA2CqRAK/LRCQOEgkGLBsyC18H/cvEl/Ptrb+BCu8YBIRogThTgB5W5TYesNRXfxX+ev4BrdrOnj/OhTBFT3EFM2ySUcnXXoX/Po3gYtGhbXejU8b9eegX//NwL+NvK3D0PnyairXW6WcHL61iTdT/OtqtY9Oyefs3HciP4+dH90BWefkhbLxCr7R1EgOgeP78YtGgg7gheaZTxu9fP4MfVhXc9CZ2I+m/Zd7B8H+1S1kNAortwoHcSuoFfHD+Mx3OjvGi0DT+/BNrh6tThPSpaXAxPA+PHtQXMuW18aGgCHx2ewvH0EBJ9OueQiO7NiyJc7jR2zOPNGyamEmn8qLbAi0dbHrRa0erUIddo0U5w3Wnh9268hd8683f49rU3EElWt4i2Wiv08dP6Yl++diDEus48vR+KoqAYS8Bgry7aYpGUcKMIbhRxjRbtLAteB797/U3828uvoea7HBCiLSQhUbut4W+v9OvW6XAqhxQr4LTFBLpVrUAK+IJTh7TDuCLC/371dTRCD4/nRnEkXcCklYLCRa9EWxK2+sFU1b78G56Ip2GqbEZM2xO2ukEruuvHWdGiAX+xB74zdw6n3vgB/uezP8YPKnM9n3YgolspUDAci++ox5zUDB7zQ9sXtqSEF4VYdjvfuf1jrGjRDrljkHihtggpJbKGiQdSeVgav32J+iFrmPjQ0ARebpQ5GET3IZICjgjhRdGXGLRoR/tpfQm/9dbf4aFMEU8VpzFmJZEzTBTNBAeHqEcMVcVMIgNdUe+5wJeI3lYMkBJeFMG57YxdBi3aka7YTVy1m/gvK9ehKyoezAzhsyP78KGhCaT0GAeIqAfekxnGE/lR/G11vmdfU1dUKOjPGsu4puNIuoA5t82LR1sukhJut6J1x8c4oU07kgTQDH1UAxc/qMzhX118Bd+dO4cFt8M1XEQ9UDQT+NTILKZ7dLyNAuAXxw/jeGaoL483Z5j4dGkWx3igPG2DtYqWK0JUPefpW24wODy0Gyx4Hfxvl/8ef125gcOpPEbMBJ7Ij+GBVB4GdyIRbcjHizNIaAa+ffU0TrcqG/46R1IFfKI0g8+PHYCl9u/HzkeLUziUyuP/uHoaf7x4kReQtkyItYpWCCHF0wCeZ9CiXSeQAq82lvFqYxkqFPx58gp+cfwwvjh+CLrK4i3RelmajieHJuFGIX77/E/RDP11f42cYeJrM8fxc8NTff93qCndtWW/ue8hXLEbeK25wotIW0JICVdEcEWESMpnAXxj7WP86UO785seEuc7dfzO1de5c4poE3RVxdPFGXxmZB/yhrmuz42pKj49sg8fHprc0pudYTOOj5dm1v14iTYqkgJuFMKNQkRS5m/5N8Thod2s4juoBx4HgmgTTE3Df73vITyWG8ErjTL+vrmCN5ord21pqgAYisXx4aEJvCczjKeKMzC1rZ2+1xQV/9XYIUAC/+f1N7HS48Oxie4MWt2pQyeKIG5bJ8ygRbte2bMRCsHpQ6JNyBomni7N4KniNObdNn7vxll8d/4cvLd1w7ZUHZ8emcXTxWm8Nz8GYxv/zSV1A/9w6igA4N9dO40ab7ioz0HLiSJ4IkQIBi3aQySAF2qL+NzofuRUTiMQbZaiKJiIp/GPp4/hYCqHc+0afBHBUrvtFT5QGEPesAbiqCxFUfArU0eQNmL41pXXMO92eAGpb0HLEyFcwYoW7UHXnSaCe5xBRUQbUzQT+MLYQThRACm7oSY+gKc1aIqKL4wdRCAE/rJ8BS/Wl8AGMNRrAt3F8F4UIrqtyS+DFu3+fwB8VSXqm7hm7IjH+cXxQ3hyeBK/f+Ms/rx8BfNsbEo9/Tkj4a3uOry9osVFK7Tr5WMmtAGYxiCi7aMqCkpmAl+dOY7f2PcQjqUL4KsC9UokJQIRIZACtx9axYoW7XrH08MDOaVBRFsvqRv43Oh+7Etk8Qfz5/C31XmUPZsDQ5siIREIiVCKO04n4U8f2tUUAAdTOZgqv9WJ6GcezAxhX+IxfK5dxffKV/H9letYZOCiDRISCKVAJAQkdx3SnruD1QyonDokotskdAMncyM4nh7G8cwwnrvyGq47LQ4MrZtEt5rVrWiBQYuIiGiNqWn4ZGkWlqrhjxYu4Gy7hlrgIZSCg0P3RdwMWhKCFS0iIqJbGaqKp0szeCRXwpzTxg+rc/ju3Dk2OqX7IlenDgMp7mgfwqBFRES0aigWx1AsjgczQxgzk/gP19/EZbvJgaF3JFYXw0d3WQzP9g5ERES30RQVz4wfwq9OH0dGj3FA6B2tVbRCIe+oaKlMXERERHf3dHEaXxw/BEPhT0l6h6AFiVB212m9Y8NSRQEbuBEREa1K6Aa+OH4IHxwa52DQPQkAkRSIpLhjMfzNoKUwYhEREd1hMp7G12cfwqdKsxwMesewJSDfpaLFsEW7kB0FdxzySUS0HkfSBXy8NMNTJugdra3VumvQYsSiXflND+C600IgGLSIaHNO5kZwMlviQNA9CUhE4l5BS1GgMm7RLvRacwV2FHIgiGhTcoaJoVicA0H3DloSCOU912ihpijdBfFEu0nZszl1SESbFgjBbvH0jiS6vbQqnv3snUFLUS4xY9Gu/MaXHAMi2jxNUXhuKr1L0AIiKSGkfPqOoKVCeV5VFC6Ip913FyoFj9Egok1TucSG7iNqSUgIiTuDlqYo39IVfgvR7lP1XbzaKHMgiIhoC6LWz/57S9DKm/FLmqJAYVmUdhlXhDjbriEQEQeDiIj6m7IkIIH8HUELAFjRot3qtcYy5t0OB4KIiPqcs+Qti4NvCVqaokJj1KJd6LrTxoVO/Y6OvURERL0kgFsO4bktaCls70C7UiAj/Li6AI/Th0RE1Ffy3kGru6NChcZRol0mkhLn2jX2wCEioj7HrFvdGrSgQFdVGArDFu0+rgg5dUhERFvq1kOlFQW60g1b3H1Iu00nDLDs2RwIIiLanqClKoCuqqu7Dxm0aHdxRIiy73AgiIhoe4KWAgWGorLNA+1KzcDHvNvmQBAR0fYFLU1RYSgKNE4d0i4TSIFW4HMgiIhom4KWgp+t0eLY0C7EpfBERLRtQUuFAl1RoSlcDE9ERETU06ClrC6GjykqTygnIiIi6mXQUqEgpqowVJUd4omIiIh6GrQUBaaiwVQ16Kxo0S4077bhRCEHgoiItj5oaYoCS9VhaTpUReXo0K7zUn0JC26HA0FERFsftFRFhanpsFSN7R1oV1rybLxUX+JRPEREtPVBS4cCS9VgaTqDFu1KdhTiD+fP40yrysEgIqKtDVqqorCiRbveW+0q/njxIpwo4GAQ0X2LpEDEajhtJmhpilKLqxpMTYfKoEW72Ev1JdTZJZ6I1sEXEXwRcSBo40FLVZTnTU1HXNGhgYvhafdqhz6aoceBIKL71m3ozSIEbSJoaYryLUvVYGqcOqTdrRMFXKdFtKoZeLjQqd/8FQjBQbmLi50GzrZrHAhaX0B/+28KZuL51+plLoanXa8VBjjPF0wivNWq4tvX3sBPagsAgLxh4pmxQ/jC2EFkjNieHx+5uiar4jv4o4ULuGI3+U1DGw9aAGCtLobnGi3a7Sq+C19EiKkaB4P2JC+K8J8WzuMvylduvq8eePjd628iY8Tw+dEDPPcWQCvw8W+vvIY/mD/PbxpatzsWYq0thmdFi3a7n9QW8NPaIgeC9qwf1+bxZ0uX73j/su/g92+cxUv18p4fo0AI/Gn5Mv7kLuNEtKGgZar6S3FWtGgPqAce/mrlOts80J5k///t3WmQXeed3/ffuffsd+u+vQFo7ABJUJQ9pkjP4vEkGVtKKo6T2JmInkmqnFRSJVblRZzkjfguL1KpkiqJXU6VXSYm5YntlOTR4tF4JrJnyNFEO8VVEkUQJPalF/Ry93vOPXtedAMEKYoEesHS9/upgrrZBNjq53Sjf/1//s//SRN9e+26BumHf/6fHbT0/OWf6sWVK2Pds/XuoKVv3rjE1V3YuaA161WedkqcOsTeV0j63vqCzvbp1cL4ebmzrG+tXdNHTYV6pbOsv3/hNf3blUtjeZvCG50V/eNLP9FPe2t8wmDngpYkOQwsxZi4EQX6k5XLzMbBWFmPQ3198Zw6ycePOFkcDfWl62f1UntJ6RhVts72Wzp95af6weYhAWBHg5ZVKssqlWQZBnUt7HnfWb/OSSKMlVY8uqsxBW/3W/rfz72qryy8o4VwsKfXJs1zfX99Qf/o0o/1wxYhC9tnfugbSyV5ZVNeyVSYp1zAiz3+TSfSmf66TlQaKhv8aIG9r2E5Ou43tBIFd/xnLgZd/Z8X39Cfrl7RZw88qv9g9qjM0t76ejnTX9e/Xrqgb61du6u1AT7Kh36VmEZJlbKlqmnJ5BsP9rhRnurPV6+xfYixMev4+tv7T6pmWnf5tZLpx91V/a/v/kj/9OrPlBV7YyuxKAq93F7WP7r4Y/3LhXcIWdhRv7CiVTVtVcuW+mkiiW9A2NuWRkO14pHmPYvFwFj4teYB/eb0Yf3R8gXd7Z5FkKX68vWzatqufr05r6blyik/fPPoekmstTjUy+0l/cHSeZ0bdPjEwD0KWoahatlS1bRlxSNWCXve5bCrN7qrmvdqLAbGQt2y9etTB/TNGxeVbqE9pJ1E+vvnX9PXvHP6jal5/c7BxzRpuQ/FgNOiKPRKZ1lfWzynn/XW1U5GjG/AvQ5apc2gZalc4vQh9r44z3VhyE+zGC/H/IaOeHVdCLpb+vNBlursoKV3B22lRa7fnn9Mc27lgf+4/3Tliv7J5Z/oEodgcL+ClmWUVDFt1UxLFj1aGBN/snJFR/y6/ubc8T3X5At8mJOVCX2yPr3loHVTrkL/7OoZne239KvN/frUxJyOeHWVDMkule/bNVdxnr2v9zLKM313fUH/8vo7hEmsqOEAACAASURBVCzc36BllkqqmZYqpk0zPMbG4migL557RZL0t/afZEGw55UMQxOWsyP/rVyFfthe0kvtJe13q6qbtkzD0F+e3Kd/b/qQHq8171ngSvJMZ/ot/bC1qJfaS4o2w1ZRSFfCHtuEuP9Bq2wYX62Y1mdrZYuf7DFWwizVt1av6d+ZOqim7bIg2PN+rXlA32st7tjWebH5Q8vi5j+fHbT1zRuX9Dfmjulv7T+pQ15tV654S/JcozzVehzqT1eu6OuL57Qej5QWOQ8ZD17QMo3ScxXT+mzFtGQxIR5j5uKwoyBL1BRBC3vfrzb36+8df1J/tnpVf7R8Ubl2dm5iWuS6EQX6vatv6fXOiv7d6YM64tc/8D3HkFc21bRc1SxH1bIlp1SWWSopLwqNslRhnqqXxFqNA42yTGnx/v+nq1Gg1zoruhh0dTXoKSFg4UEOWpOOd/Fcv6VK2WaAI8bOShzoz1ev6b889DiXq2Ms/MbUvJ6cmFWcZ/o3K5d37f38pLeqNz/k3sCyYahiWpqxPU1YruqWLbdUlmmUlKtQmKUaZonacaTlaKggS5Tm7w+EhQoxWhsPTdCSpKppqcLAUoyhOM91+sqb6mex/pvDn5RbNlkU7GmGYahm2vpP95/UK50bWovDXXtfH1Yxy4tCnSS6o7sXgYfNL0xR+72aUS1bskol7jvE2OmnsX7vylv64xsXWQyMjU9NzOo/2XdCTYttc2DXg5YkeWVTtlFWiculMYaSItfXF8/pbL/FYmAs2KWyPnf0L+h/OvmUDrpVFgTY7aBll8tyy2W5pTK9KhhLb/db+triu1qLQhYDY8Etm/qb+47rdw6eUrXMlVTAdn1k84lllFQzbdVNW1kSKS248xDj5xtLF2SXyvqvDz+hWcdnQTAWPjv/qNyyqS9de3vbA02BcfaRFS2rVFZ9M2jRFI9xlRa5/t/li/q3Ny4rzTkyjvFgl8r6rQOP6LlHf1n/xcFTqpk2iwLseNAySmqYjiYsRzaDSzHGummsL18/+6FH04G97OmJOf0PJz6l/+7YL+lUtcmCADsZtOxSSQ1rI2hZ9+muKuBBsRwN9aerV9RPYxYDY8MwDNmlsv6z/Y/ovz/xpP7a9CFV6N0C7thH92iVypq0HTUsRzZbhxhzhaSvLLyjKcvVbx14RJNc0YMx4pTL+ivNAzpVndQLK1f1rbWreq1zQ2nBmFDgo3xMj1bp2YblatJ05LB1CCgrCv1fV97U/3b+VV0JeiwIxk7T9vSfzz+i//nUr+l3Dp5SzaS6BWw5aE05/umGtVHRYusQ2DDKM33zxiV9deFdJTTHYwyVjZIOuFX9t0f+gv6rQ09onplbwC/0sXeLNEx7I2ixdQi8zx8sndec4+tvHzipKieyMIYmLEd/9/An9OTErC4Ou7oW9vXD1qKuhn1FOeOAgDsKWvv9mvGdlauFUyqrLEMZ13YCkqRhlugfXnxDV8O+/t6JJwlbGEt2qaynJub01MSc4jzTbx14RD9sLepL18/qathngUDQupPfVDEt+aYlt1xWlGc0PwKb0iLXHyyd0/FKQ39n/jFuUMDYh64jfl0HvaomLEdfWzynn3RXlRRssYOg9bFfPBOmownTUSsZMSEeeF/YKvSvFs/pqF/XX2rMyOPoO8Zc2Sjpr88c0aPVpr67fl1/vHxR54YdFgZj6Y4ar+xSWXXT0YRly+L0IfBzzg07+l/eeUn/5NJPtRD2VVD1xZizSiUdrzT0zPyjOuY3WBAQtD76C6asCXtzQrzB6UPgwyyOhvrywln9gwuv6wI/vQOK80x/snJFr3RusBgYW3e0dWjdmhDvchUP8JHfWHK9uHpVSZ7rmflH9etT8ywKxtLSaKjfX3hHf7h0Qe1kxIKAoPVRbKPUnrCcSeZpAXfm2+vXdWHY0W8fPKX/aO4YU+QxNqIs02udG/rK4jv63voCh6dA0LqT32SVys9MWu4LkxYT4oE7dX000P999S1lRa7fOvAI4x8wFiHrXy2d0+8vvKPL3JwASLrDHq2m4704abtq2p5sKlrAHVuLQ/3TKz/TP7t6hit7sKelea7vrF/X1xbeJWQBtzHv9Dc2LPvZCct53iuZMg1DeVGIySjAx+umsX7v6lt6vXtDvzl9WL8xNa9DXo2ZW3joZUWu5dFQP2gt6d1BW99vLWhxNGRhgK0ErSnHP/3y+uLzFdOSVzIV5qly9t6BO/tpv8j1WmdFr3dW9O21a/rtg6f012cOszB4aBVFoR+1l/Xl62f1w9aSUoaSAtsLWpLkl01NWo4apq0syRlcCtztNydJr3RuqJfGcktl/fLkfmbT4aETZol+0FrSP796Rj/prbIgwE4FLadsatr2NON4GmaJAi4NBbbknUFb//jST3Sm39Jhv6ZfmdyvhmnLYDsRD+oPCZs7GG/21vSNpfP61to1dZKIhQF2MmjZpbKmbE/TjqelaCilLCCwVW/11/VWf12mUdJvTh/S35g7pr86dYARKnjgJHmuV9rL+m5rQd9fX+CyaGC3gpZTKmva9jRte3L4ZgDsiLTI9cLqFZ0btnWmv67/eN9xHXCrMtlSxP3+3MxzLY4G+sbSBf3JymUtjAYsCrDLQevElO1dmLYIWsBOuxz09LtX3tT3Wgv6zMwR/dWpeR3164xUwT0XZZmuhD292VvTN29c1BudVeXi8BOw60Fr0vEuXhl2NUVFC9g1b/dbujTs6htL5/XrU/P6D2eP6i82ZlgY7LpeEukHrUW93F7WS+0lteJIo5weEeCeBS1JOlJpGP/fjSuFX7ZkGSVlRc48LWCHjfJMV8O+rl4/q7f76/q7hz6hv8Y4COySoii0OBrqX1w7o3+9fEFBRrgC7lvQkqSqZatm2qqWTQ2yVDnzU4Bd8+PuqorijI76DR2vNFgQ7Igkz9VORuqlsV5uLenP167rje4K87CAByFo+WVLk5ajCctRXORKMr4wgd30096qXu0s66hfZ6I8tq2bRPr64jn9oLWoxdFQrTjUiHE9wIMTtOzN04cztqdeGmtImRnYVYWkH7WX9e/PHtWE5bAg2LKFsK/fX3hX/+LaGdrbgQc1aLmlsqZtXzOOp+sc9wXuiQvDjiKqDribgF4UGmSJ8qLQxWFXP+6u6OXOsn7YWmJxgAc5aDnl8ldnHe+z07bP6UPgHuFuUdxtyHqls6yvL57X5aCrbhJpOQpYGOBhCFozbuWZt7trxazjyyubrCIAPGDO9Fv6Bxde19v9FosB3EdbHj096/jPzjm+/JKpsmjOBYAHRZJnG7cNDNosBvCwBq0p1z89Yblq2I7q5sZMLQDA/ZcX0tv9daVsNwMPb9CSpIppac6paNbx5dKrBQAPDCIWsAeCllc2tc/xtc/x5ZUJWgAAALfbVie7Vza1361qvzvQ5aDHagK4JStyhVmq7APbV4akkmHIMsqySiUGsAIgaP0i+7yq8ZPOSrHPqXD6EMAtoyzVn69d07fXruty0FN227UuTtnUrO3psWpTj9UmtW+z/cArm7JLJZXp9wRA0LotbDl+e59bmXTLpkoSF0wDYy7MUn35+ln982tn1E2iD+0VMiR9Z/26ykZJM7anY5WG6qYtr2zKKpU1YTo66FU171XVtNwPnddn7FAlrLit4tZLY50bdnQ56KqfJjINQ3NORU/UpjTn+pqyPDm0SQC4l0Frzqs2X1pbKBqmI79saZSnnHQBxlSa5/rawrv63StvKvyIq7kKSWlRKC0yXR8Nfu6GCdMoySubcktl2aWfHyBTMgyZRmlHwlaa57cqbrkK9dNEQZbc2vJ0SmU1LEe1sqVfae7X35l/TEf8Og8bwL0JWpJUMW3NOp5mbFcrcaiUuw+BsfR2f13/ZuXSR4asOwo/Ra5+Gqv/AHxMUZ5pJQq0IulC0FWUZ/ofT3xKVdPmgQP4WDvSDOGbpuZunj5kzAMwljpJpK8tntOZPT6J/HvrCzrTb71vyxEAdjVoeSVT+9yq9rs0xQPjaJSl+srCO/qz1at7/mO9EQV6YeWK+mnMgwdwb4KWWzY/s9+paJ9TkVsiaAHj5me9df3h0gUNsmQsPt6vLb6r/+P8a1r8QG8ZAOxK0Go63ov73Irm3IpcTuQAYyUvCv24u6KFMQodhaQ/XL6gP16++L7RFQCwK0FLkg5W6sa07alhOfJLZS6aBsbEtbCvH7QWx/Jj/7PVqwxrBnBvgpYk1Sxb07anKduVU2LoILDX5UWh760v6OygNZYf/6WgqxujgE8EAPcmaPllS3O2rxnHl0tTPLDnnemv6xtL5xWM6UiXvBBN8QDuXdByy6bm3IoOuBXGPAB7XDse6f+59rbODTtjuwZZkeu76wvqJRGfEAB2P2h5JfOL+92K9tkVOVS0gD3tzd6aXu3cGOs1KCS91F7Sd9YXmKsFYPeD1rTrPzfnVrTPrchjzAOwp73auaG1OBz7dViLQ/3DC6/ry9fPKsk5gQhgF4OWJDUt98SM42nCslUpmzINTh8Ce1GUZyzCptU41IurV9VlCxHAbgetSce7OGG5mnV8TduuHHq1gD0nLwolBK33OT/s6M3eGgsBYHeDlrQx5uGgW9MBt8oWIrAHXRh29Hp3hYW4TS+NtRwNWQgAux+0qmWrfbTS0DG/oYppscrAHvPOoM31Mx8ipyEewL0IWnNetXnQq+mQV1PdtGUahhhfCuwNb/bW9EfLFxTT+P1zftxd1UJIAAWwy0FLkk7Vp4x5t6oJy5FXMlWiKR546K1EgX738pv6UXuZxfgQL6xe0Zeuv81cLQC7H7Qkacr2tM/xNWO7cmmKBx5qWZHr++sLem3MZ2d9nC9dP6vTl99UkCYsBoDdDVoV09JRv6GjfkOVMr1awMMsyTemoA8zAsRHKST9qL3E1TwAdj9oVU3rq0f8uo56dZrigT2gT5XmjnTTWK1kxEIA2N2gNeNWnjns13W4Ule1bNEQD2AsxHmmxRGjHgBo97PPkUrD2Of4mnY8NUxblkHcArC3RXmmNhUtAPciaElSw3J1yK1p3quqwmXTwENpLQ7pO7pDplGSf5/7Usuc9AbGJ2jVLFuH/bqOeHX5BC3goZMXhb69dl3vDFosxh3+xRrfxyuKDGMj7JVE2ALu+w9e9+KdVMrWZ4759Rdacahzw7bEiBngrnWTSK91buiX6jP39P22k5G+v76oP1u9Kuae3+GzSmN9d31Bp6pN1Uz7nr//lSjQShQo54kB4xG0mo734mLQ10F3uDnAtKw4z5XxlwBwV9+8v/Duy/d8VEquQmtxqIzrZe7Kd9au60xv/b6876zItRKHPARgXIKWJB3wa8Yr64vFjO2pYTnqJpHC+1haBx5GvTRWjz6ph0JS5Frikmlg7N3TI4ANy9W8W9UB15dXZlI8AAAgaO2Y6uak+GNMigfu6xc9Y1YAYA8GrQN+zTjk13XYq6tm2ipzIga453JtbGsBAPZY0JKkebf67CG3poZpyy6VCFsAAICgtVOmXP/0tONpzq1o2nbllNjCAAAAe9N9mR5atWwd9epai0ON8kxBzOlDAACw99yXclK1bLWP+HUd8es0xQPADuOwAzDmQWvOqzYP+3UdcevcfQjwlwJ2OGRlHHYA+Dv1ZK1p7HcrmrY91cuWLC5ABR4IfIt+ePmlspIi5xkCBK0Nk7area+qA25FbonKFgBsJ2RFORELIGjdpm45OuzWddCryWcLEQC2LMgz7o8FCFrvVy1bzx6rNHTcb6hq0hQPAAAIWjtmyvVP7/eqOuTVNG17qpRNmfRqAQAAgtbOOFJpGAfcqubdqmZtT06Jy6YBAMDe8EA0Rk05no77DbWSkYZZqmGW8mQAAMBD74EYmdOw7M88XpvSJ6pTapg2TwUAABC0dkrT8V886Nd0rNLQnOurbtpMNgYAAAStnbLPqxpzbkVH/YYOuVV5jHsAAAAPuQcqzUzbrk5WJtRLInXTSL005gkBAICH1gO1Pzfv141T1aZOVZtqmDZ3rgEAAILWTnq8MW0c9uva71bUtFzZ9GoBAACC1s6Zdjyd9Cd13K+rxsR4AABA0No5TcttP1Kd0MnqhOpsIQIAAILWzpnzqs2T1Uk9Wmlq0nJlGiXCFgAAIGjtlKPVCeOgV9NBr6o5x5PL1TwAAOAh80APq2rarh6tTGqQxorzloI45IkBAICHxgO9I9ewnC+erE7okcqkJi1HpmGwhQgAAAhaO2Ha9Z87VpnQycqEpmxXXslUyTB4agAAgKC1E/Z5VWO/V9Uhr679ji+vxNU8AADg4fBQpJaG5epUtakgSzTMUvWzhCcHAAAeeA9Fy9PhSt04Xm3oZGVCTduVa5TEGUQAAEDQ2iGHvNpnjvoNzTq+aqYti6t5AAAAQWtnNB3/xTm3omNeXfNeVV6ZXi0AAPBge6jSyoTl6PF6U0GeqJ2M1E5jniAAAHhgPVT7b/u8qnHUb+hEZUKztie/ZKosxj0AAACC1o44WWsah7yaDrhVTduuHK7mAQAAD6iHstFpxvF13J9QK4kU5qmCOOVJAgCAB85DeXSvYTnPfqI+pSdqU5owHZ4iAAAgaO2UKcc/fciv6URlQvNeVVOWI5txDwAAgKC1M/Z7NWPeq+pUpamTlQnVTIunCQAAHigP9TCqadtvP1ZrTgZZok4yUj9NlBa5cp4rAAAgaG3PnFdpLgb9IskzXR31tR6P1EsTxQVRCwAA3H8PfWPTAb9mHPHrerQyoSN+XVW2EAEAAEFr50w53lefbMzpU/VZTVqcQgQAAA+GPXFh4IxbeWYx6BeDLNb5oKNeEqufxhqxhQgAAO6jPTMT4YBfM+a9uj5Rm9Ij1QlVTZunCwAACFo7ZcbxXnus2tRj1eat63m4CxEAANwv5l76YGbdytNL4aCI80xXwp5aSaRuGivLM540AAC45/bcOPX9XtU47Nf1WGVSx/y6qmWTpwwAAAhaO2XK9r74lybm9GRjVlO2Ky7nAQAABK0dMu36zx3z6+1Hq5M67NU1Y3tySmWeNrAHUKUGQNB6AMx51eYBr6YnalN6rDqpOoNMgT0houcSAEHrwTBje198rNbUqWpTM7Ynj1OIwEMvKQoWAQBB60Ew7frPPVKZfO3x2pTm3ZomTEd2iY4tAABA0NoRs17l6UN+TY9VN04hVspsIQIAAILWjmna7rNPTsxunkJ0OIUIAAAIWjtlyvFPH/HrX32kNqkjfl1zm/1aAAAABK0dMONWnjngVvXJ2rRO1ZqqcRciAAAgaO2cadt79rFqU6cqTc1yChEAABC0ds6U658+UZn46qlaUwe9qpoWpxABAABBa8fMeJVnDvp1PVpp6pjfUM20aY4HAAAErZ3StN3PPDkxq0815jRtuyoZBmELAAAQtHYkaDnei0f8+rOP1iZ1sjKhebcqj/vTAAAAQWtnTLn+6YNeTU9P7NOnGjOatBw+GwAAwI4a6zLOseqEcba3XsR5prU4VJRn6qWxojznMwMAABC0tutUfcr4aWelaCcjFZLeGbS1Go/4zAAAANtGD7ik/W7lq5+oTemJ6pQOOBXVypZMg/laAABge+gA18bU+JXR8FVJT60nI43yTIujofpZwuIAAACC1nbNupWnrw57xRO1QEmeKclzxVGuNM+VqWCBAAAAQWs7DlfqxsVBp7CNsnpprGGWqJPGyvKMxQEAAASt7Tq+eRJxKRoqznOdH3a0Ho+UqxBnEQEAAEFrm2Yd/zN/eXLfC06prGGWaLA58iFnCxEAABC0tqfpeC9KMl5eXywWo4HiPNPiaKBOSnM8AAC4c4x3+AgHvZp+dXK/fnlin6Zsj8UCAAB3hYrWRzjg14yFoFfEea7laKgoz9SKRwpojgcAAHeAIs3HmPfrxtFKQ09N7NMv1Wc0wZ2IAADgDlHRugOP1prGTzsrRZLnaiUjRXmmfpooLjiHCAAACFrb9hcnZo3X28tFOxkpKwpdGHa0nkQsDAAAIGjthHm31v5EbWoyzjMN00RRnmmUZ0oLxj4AAACC1rbMeZXmUjAoDEmdZKQwT7USBRpkKYsDAAAIWtu1368alwedYiWaVlLkyopc8ShQWuRMjgcAAASt7TpanTDO9VuFXSqrn8YapAnN8QAAgKC1Ux6pNY23uqvF0migOM91MeiqFY/EhC0AAHATc7S2Yc6pfPGXm/v1K5P7tc/xZZZKKrMsAABgExWtbZh2/edaUfhikucvLEcDJXmu5ShQL43p1wIAAASt7Wo63osLQU9/ZXJefsnSD9uLCrKU5ngAAEDQ2gnzft1YCHpFrkLddGOI6VIUaJAmhC0AAAha2ImwdXnYLSSpbjp6qb2oS1mfyhYAAAQt7ISjlYaxEPQKSepR2QIAgKDFEuwsKlsAAICgtYuobAEAAILWLqKyBQAACFq7iMoWAAAELewiKlsAABC0sIuobAEAQNDCLqKyBeyOSsnUME9ZCAAErXFHZQvYeYUKHXQquh4NWQwABK1xR2UL2FlRnquVjOSXyoryXJkKFgUAQWucUdkCdk6mQkGesRAACFp4D5UtAAAIWthFVLYAACBoYRdR2QIAgKCFXURlCwAAghZ2EZUtAAAIWthFP1/ZMrQSBeqniXIVBC4AAAha2I55v25cGXYLQ4aalquX2ku6HPQU5bly5gMBAEDQwvYcqTSMxaBflA1DQZ7KKpW1NBqqk8ZKGcgIAABBC9tzwK8Zi0G/8Mum9jsV/ai9pHPDrrpprIzhjAAAELSw/bAlST9u3yiiLJNVKutK0NNaPFKYp0oLKlsAABC0sC2H/fpn3JL5wj63olc7yzo7aGtxNFQ/S1gcAAAIWtiOpuO9KMm4OOgUaZHLKpXllMpaiobqpbGinPOIAAAQtLAtx6sTxtVhr5hxfDUtV2cG63pn0NZqPGJxAAAgaGG7Dlfqxspo+KohPWWVSpIkJ+ipnUQKs5RZWwAAELSwHbNu5enV0fArNcv57KTl6i17Ta93V7QwGkoFg00BACBoYVtm3MozkvR2b72wSiUlRS63VNZKFKqfJcoJXAAAELSwPY/Xp4wLg3bRMB3ttyv6UWdZl4KewjxVzvgHAAAIWtieE9VJYzkcFFappFGRySmVtDAaqp1EipkkDwAAQQvbs8+rGsvhoPDLlg44Fb3UXtL5YUetJFLIJHkAAAha2H7YkqSfdVaLKM9kl8q6HPS0GocaZqmSgq4tAAAIWtiWT07MGOd6rWK/W9WrnWW93W/p+migThqzOAAAELSwXY/Um8bVYa/IilxWqSS7VNb10UDdNFbEViIAAAQtbM/hSt1YDPrFlO1pynL1s/663uq3tBKHLA4AAAQtbNcBv2asj4LPlQzjedMoq5DkDrsbTfJZImpbAAAQtLANU65/ej0KVDGt5ydsV7POmt7orOha2JeKnLAFAABBC9sKW45/WtLp8/124ZTKyotCftnSWhyqm0Ya5ZlSBpwCAEDQwtadrE0a14JeMe14OlFp643uis4PO1qJAg2ylAUCAICghe045NcNSXq7t1aUZKhatnQ56OlGNFQnjRVmKfckAgBA0MJ2PF6fNq4Mu8URv65zg7beGbb0s96aFkeB0iInbAEAQNDCdhypNIx2FB73TeuCb5oqG4bqZldr8ejWzC16twAAIGhhiyYd76Ik4+KgU8y7NZ0ftPVGb0UXhl2txqFSercAACBoYXuOVydu3ZVYMgxVTVtXgp6Wo0C9ZONkItuJAAAQtLANn5yYMS4NOsVRv6F3By2dHbT0Vn9dS1EgFQVhCwAAgha241h1wmhFwac903zBK5syjZLqwUbvVj+NFeW5MtG7BQAAQQtb0nT8F9tReKJhOhcOeTWdu613az0eKeByagAACFrYupuN8u0oPF417QuGYahatnU17Gs1CtRNY3q3AAAgaGG7gasdhSdqln3hWKWhd/ttnR209HZ/XctxSO8WAAAELWw3bEky1kbBF7yS9XmvbMoqlVQPerd6t2J6twAAIGhh66Zd/7lWFL44YTsvbPRudfRGb0UXh121kpFCercAACBoYeuajveiJGN9FHyuatrPG4ZUNS1dC/taiUL105jABQAgaLEE2I4p1z/disKLdct54XhlQmf76zo7aOlsv604DtlGBAAQtIDtuFndWg2HX3FL5c/6ZUtuydTVsK9uGqmXJgqzVElBuzwAgKAFbMmMV3lmfRR8bsrxnj9Raehy0NPZQUsXhl1dGw2UpDGLBAAgaAFbNeX6pyWdlqS3u2uFb1qqW46agaMbUaBOEmuYJYryTGnBtiIAgKAFbMnjjWljIegVJyoTWh4NdTno6kx/XZeDnlbiUGmWskgAAIIWsFXzft2QpBvhoNW03UmvbGrScnV91NdqFKqbxhpmqVLmbwEACFrA1sx51WYrCj897XgvnKpN6XrQ18VhR28PWroa9tVJY2WMgwAAELSArbl5OlGSLg06xaTtyi9bmrRd3YgCteKNCleYZcqKnCt9AAAELWArjlUnjJVw+Oq8V33qxijQ5aCrC0FHZ/stLY6GGmapcsZBAAAIWsDWzHqVp2++/lZ3tWhYjvyyqemgr9U4VDsZqZ8mGmUZ/VsAAIIWsFVPNGaMhaBXHPMbWh4NdWHY0bmgrXcHba1EIZdVAwAIWsB23DyhuBIOX61b9lM1y1a1bOl6OFArGambxOpvzuACAICgBWzBrFd5ej0KPjft+M8/Vm1qIezr3WFbF4YdnR92tR6PqG4BAAhawFZNOe9NmL827BY101bDdFQ3bS2EA3XSWP3NGVzcoQgAIGgBW3So0jBWwuGrB7zqU0/Up3Q16G/eodi5NYMLAACCFrBFt59QfKe3XvhlSw3TUdN2tRIFGmaJhmmqIEsU0TgPACBoAVvzWH3KWAz6xYlqQ+tRqMXRQJfDnq4GPV0J+lpPRpxSBAAQtICtOuDXjJuvn+u3imnH04zladr2dCMK1Etj9dJYwzRR31bGtwAABfNJREFUkGfcpQgAIGgBW/FIrWncCAeto/7E5CCNtRYFuhb2dSXs6WLQ0/JoyF2KAACCFrBVc161efP1tdHwCzOO//lpx9OU5WnBHWgtCtVJIg2zRIMsUZhlnFYEABC0gLs17Vaek/TcYtAvHqs21Uki3YgCLYZ9XQq6uhr2tTgaqpvGXFwNACBoAVtxex/X9WGv2OdUNGl7mnZ8zYZ9rccjDdKNCtdwc+J8XhSELwAAQQu4GwcrdaMVhZ+ecysvPJFOqZNEWh4NdSXo6UrY0+Wgp7U41GgzbAEAQNAC7kLT8V6UdKvKdWnQKabtjZOK07ar5ShQJ4nUS2INs0RhljKTCwBA0AK24lh1wlgZDV897NefejKd1VocaiEc6OpmhWtxNNB6PFLAaUUAAEELuHuz7nsT59tReHzW8S/M2BunFfe5vm6MArU3TyvenMmV5Bl9XAAAghZwNyYd76IkYzkcFCeqk+omkdbiQAvhQJfDrq4GfS2MhuokkdIiJ2wBAAhawN3a51Vv9XHdCAetfW5lcsp2NWv7OjAaaj0ONcwSBVmqUZYqzDOFWcq1PwAAghZwN24OQl0IesXj9WkN00TdZKSVKNRKNNTSaKilzZedJKJ5HgBA0ALu1rxfN27/5/P9drEaBVoaDbQ8GmrJHaqVjNRPE4VpojBPFWaZwjxVnGfKmM8FAAQtAHfmZG3SWBsFXzjo1z4/ylKFWapeEmktDrUyCjaqXJuVrlY8UpinzOcCAIIWgDs17frPSXru9rddGXaLtSjU8miwsa3obvR0ddNYwe2VrixVlGc01QMAQQvAnTpSaRitKPz0frfywql8o1m+n8RqxSOtxMGtKtdSOND65lZjzOXWAEDQAnBnPjiBXpKWgkGxFm9WupyhltyKVqNQ3TTSME00yjPFeaZRnina/JXmBY31AEDQAvBx9vsbIyOWw0FxsjqpUZZqkMbqJpHWk5HWo1CrSai1KNRavPGrnyaMjAAAghaAO3X7jC5JWhsFX+gk0efX4kDrN0NWEmo9CtVJYgVZ8l6VK3uv2kV/FwAQtAB8jJsN9etR8LnDXv3594JUqkGaqJtEasUjrcWh1uP3ql1r8UiDNCFsAQBBC8DHmXL805JOf/Dty+GgaCfRxtbiZtVrPdkIWv001mjz9GKS54qLzZe3vZ4UuVLGSgAAQQvAz7u51bg6Cr5yLK9/dpRnirONpvkgTdRLI3WTSJ0kUifdfLn5q5tE6qaR8oxLsAGAoAXgF5px/Wc+7O03wkGrm0ST3Q8ErM5mAOsmkYKbVa8iV3yr+pUrzXOlxUbVK8s3Kl+5mGAPAAQtAJLeu4uxFQWfjvP8hTjPldzaQtxooA+yRN00Vu9mENusfA2SWP0s0SCNNUiTW4Es55QjABC0ALyn6fg/N7vrdotBv7i1nbj5q5/GGqaJBlmiQRYryNJbPV/pZm9XdqvPK1dSFErzXNnNf1cUyotcqQrl3OUIAAQtYFwd8GuGtDFOIinyz6d5prjIleXFZqjKleS5ojxVmKbqZxshbJgmG4EsT9RPEw3TWMMsuXWNUJilGm0OWhUnIAGAoAWMsw+7n/GD2lF4fJgmFwZprEG2EbZubi8OslhBmircvF5otHl348bJx0yZbla6CmVFvvG6io3+r80qWHGrAlaoKHTrZXHbP9/+tvzmS0lFUdy2sVnc9r8AcP+VDEPGBzYXCFoA3mfS8S5qcxuyFYWfTov8C2meP5UV742LuD1IZZuv3+oLy7NbIWyUZRrlqaIsU1hsvEyKTOltW5LpZlUty4v33lbkt/6baVHc2rrMi1z5rbB1M4RtBDFCF4D7zS6VVDYIWgDu0Oa9jU/fzZ9ZHwWfG+Xp8+FtIWvjZfq+qfa3AtZtr98KWHrvVOR7v28j0OWbsepmxUv6YKULAO6PQ15dU7Ynp1R+9ubbDJYFwG5qReGn86L4dFbkn8tVTN5snL9ZmboZkvLNbcWbb/uw7cPb61YfnMNK0AJwv/llU9OO9+zmEGoAAAAAAAAAAAAAuOn/Bwg+N8US6pDEAAAAAElFTkSuQmCC');   
CREATE CACHED TABLE PUBLIC.REPO(
    ID BIGINT DEFAULT (NEXT VALUE FOR PUBLIC.SYSTEM_SEQUENCE_B55372D4_D3C4_4C6E_9DC2_2BA6F4BB9DFF) NOT NULL NULL_TO_DEFAULT SEQUENCE PUBLIC.SYSTEM_SEQUENCE_B55372D4_D3C4_4C6E_9DC2_2BA6F4BB9DFF,
    CREATOR VARCHAR(255),
    DESCRIPTION VARCHAR(255),
    IDENTIFIER VARCHAR(255) NOT NULL
);             
ALTER TABLE PUBLIC.REPO ADD CONSTRAINT PUBLIC.CONSTRAINT_26 PRIMARY KEY(ID);   
-- 2 +/- SELECT COUNT(*) FROM PUBLIC.REPO;     
INSERT INTO PUBLIC.REPO(ID, CREATOR, DESCRIPTION, IDENTIFIER) VALUES
(1, NULL, 'Kontodaten', 'eu.ownyourdata.bank'),
(2, NULL, 'Protokoll', 'eu.ownyourdata.bank.log');        
CREATE CACHED TABLE PUBLIC.STANDALONE_PLUGIN(
    INSTALL_COMMAND VARCHAR(255),
    PATH VARCHAR(255),
    STARTCOMMAND VARCHAR(255),
    ID BIGINT DEFAULT (NEXT VALUE FOR PUBLIC.SYSTEM_SEQUENCE_25830084_12E8_4062_8D15_508B9B90743C) NOT NULL NULL_TO_DEFAULT SEQUENCE PUBLIC.SYSTEM_SEQUENCE_25830084_12E8_4062_8D15_508B9B90743C
);      
ALTER TABLE PUBLIC.STANDALONE_PLUGIN ADD CONSTRAINT PUBLIC.CONSTRAINT_D PRIMARY KEY(ID);       
-- 0 +/- SELECT COUNT(*) FROM PUBLIC.STANDALONE_PLUGIN;        
ALTER TABLE PUBLIC.PLUGIN ADD CONSTRAINT PUBLIC.UK_D8MCX5T9ACKUHYEN678GB6NNA UNIQUE(IDENTIFIER);               
ALTER TABLE PUBLIC.JHI_USER ADD CONSTRAINT PUBLIC.CONSTRAINT_6 UNIQUE(LOGIN);  
ALTER TABLE PUBLIC.JHI_USER ADD CONSTRAINT PUBLIC.CONSTRAINT_69 UNIQUE(EMAIL); 
ALTER TABLE PUBLIC.ITEM ADD CONSTRAINT PUBLIC.FK_LHK4YHIOBHRG02122MGY5JILG FOREIGN KEY(BELONGS_ID) REFERENCES PUBLIC.REPO(ID) NOCHECK;         
ALTER TABLE PUBLIC.STANDALONE_PLUGIN ADD CONSTRAINT PUBLIC.FK_YW2OYCQU4W6ODCTB1A41HXD7 FOREIGN KEY(ID) REFERENCES PUBLIC.PLUGIN(ID) NOCHECK;   
ALTER TABLE PUBLIC.PERMISSIONS ADD CONSTRAINT PUBLIC.FK_LOE00NBKSJ072E515G4OFIDWB FOREIGN KEY(PLUGIN_ID) REFERENCES PUBLIC.PLUGIN(ID) NOCHECK; 
ALTER TABLE PUBLIC.JHI_PERSISTENT_AUDIT_EVT_DATA ADD CONSTRAINT PUBLIC.FK_EVT_PERS_AUDIT_EVT_DATA FOREIGN KEY(EVENT_ID) REFERENCES PUBLIC.JHI_PERSISTENT_AUDIT_EVENT(EVENT_ID) NOCHECK;        
ALTER TABLE PUBLIC.HOST_PLUGIN ADD CONSTRAINT PUBLIC.FK_LTQDTX3SJWK061UDX3KYDCX00 FOREIGN KEY(ID) REFERENCES PUBLIC.STANDALONE_PLUGIN(ID) NOCHECK;             
ALTER TABLE PUBLIC.OAUTH_CLIENT_TOKEN ADD CONSTRAINT PUBLIC.FK_OAUTH_CLIENT_TOKN_USER_NAME FOREIGN KEY(USER_NAME) REFERENCES PUBLIC.JHI_USER(LOGIN) NOCHECK;   
ALTER TABLE PUBLIC.HOSTED_PLUGIN ADD CONSTRAINT PUBLIC.FK_M60B4P5ONHEKG1PV1Y1XX1W9Q FOREIGN KEY(HOST_ID) REFERENCES PUBLIC.HOST_PLUGIN(ID) NOCHECK;            
ALTER TABLE PUBLIC.EXTERNAL_PLUGIN ADD CONSTRAINT PUBLIC.FK_L35TXDWQ65N6GFHUD7LWPEYV1 FOREIGN KEY(ID) REFERENCES PUBLIC.PLUGIN(ID) NOCHECK;    
ALTER TABLE PUBLIC.JHI_USER_AUTHORITY ADD CONSTRAINT PUBLIC.FK_USER_ID FOREIGN KEY(USER_ID) REFERENCES PUBLIC.JHI_USER(ID) NOCHECK;            
ALTER TABLE PUBLIC.HOSTED_PLUGIN ADD CONSTRAINT PUBLIC.FK_OWCM61KSCWT7KNP1EFKPFM1XY FOREIGN KEY(ID) REFERENCES PUBLIC.PLUGIN(ID) NOCHECK;      
ALTER TABLE PUBLIC.OAUTH_ACCESS_TOKEN ADD CONSTRAINT PUBLIC.FK_OAUTH_ACCESS_TOKN_USER_NAME FOREIGN KEY(USER_NAME) REFERENCES PUBLIC.JHI_USER(LOGIN) NOCHECK;   
ALTER TABLE PUBLIC.JHI_USER_AUTHORITY ADD CONSTRAINT PUBLIC.FK_AUTHORITY_NAME FOREIGN KEY(AUTHORITY_NAME) REFERENCES PUBLIC.JHI_AUTHORITY(NAME) NOCHECK;       
